"Restaurant_Name","Rating","Category","Address"
"Wendy's (10365 111th Street)","4.7","Fast food","10365 111th Street, Edmonton, AB T5K 2V3"
"McDonald's (Garneau)","4.6","Burgers","8415 109th Street, Edmonton, AB T6E"
"Subway (230 10111 104 Ave)","New","American","10111 104 Ave Nw, Edmonton, AB T5J 4X1"
"Burger King (13338-137 Avenue)","4.3","American","13338-137 Avenue, Edmonton, AB T5L 2A9"
"7-Eleven (11528 - 107 Avenue)","4.9","Bakery","11528 - 107 Avenue, Edmonton, AB T5H"
"A&W (82nd Ave Edm & 101 Street)","4.6","Fast food","8115 101 St Nw, Edmonton, AB T6E 1Z2"
"Starbucks (10001 107th Street)","4.6","Bakery","10001 107th Street, Edmonton, AB T5J 1J1"
"Harvey's (109 St & 104 Ave)","4.6","Burgers","10358 109 St Nw, Edmonton, AB T5J"
"Denny's (10803-104 Ave NW)","4.2","Breakfast and brunch","10803-104 Ave Nw, Edmonton, AB T5J 4Z5"
"Ricky's All Day Grill (Jasper Ave)","4.6","Breakfast and brunch","10140 109 Street, Edmonton, AB T5J 1M7"
"Tim Hortons (Unit # 240 - 10111 104 Avenue Unit 240)","4.4","Bakery","Unit # 240 - 10111 104 Avenue , Unit 240, Edmonton, AB T5J"
"Cora Breakfast and Lunch (10041 106 th Street NW)","4.6","Breakfast and brunch","10041 106 Th Street Nw, Edmonton, AB T5J"
"A&W (PC 137th)","4.4","Fast food","5011 137th Avenue Ne, Edmonton, AB T5A"
"Walmart (5004 98 Ave NW)","New","Grocery","5004 98 Ave Nw, Edmonton, NAMER T6A 0A1"
"IHOP (3921 Calgary Trail)","4.4","Burgers","3921 Calgary Trail, Edmonton, AB T6H 4J8"
"IHOP (15130 127Th St)","4.4","Breakfast and brunch","15130 127th St, Edmonton, AB T6V"
"Watts Cookin","New","Comfort food","12116 107 St Nw, Edmonton, AB T5G"
"Second Cup (7477 - 101st Avenue NW)","New","Coffee & tea","101st Avenue Nw, 7477, Edmonton, AB T6A 3Z5"
"Tantalizers African Express","4.1","African","12424 118 Ave Nw, Edmonton, AB T5L 2K4"
"Langano Skies Ethiopian Restaurant","4.5","Ethiopian","9906 72 Ave Nw, Edmonton, AB T6E 0Z3"
"Booster Juice (7436 68 Ave)","4.7","Sandwich","7436 68 Avenue Northwest, Edmonton, NAMER T6E"
"CoCo Fresh Tea & Juice (Tamarack)","4.9","Bubble tea","885 Tamarack Way Northwest, Edmonton, T6t 0n3,"
"CoCo Fresh Tea & Juice - Windermere","4.7","asian","1307 Windermere Way Southwest, Edmonton, NAMER T6W 0P1"
"Crave Cupcakes","5.0","Desserts","7929 104 St Nw, Edmonton, AB T6E 4C9"
"Taste Blends","4.8","Indian","9332 34 Avenue Northwest, Edmonton, AB T6E 5X8"
"Teacup2Go","4.4","Bubble tea","2960 Ellwood Drive Sw, Edmonton, NAMER T6X"
"Fine Pizza & Donair","4.1","Halal","14062 127 Street Northwest, Edmonton, AB T6V 1K4"
"Pho Hoan Pasteur (West Link)","4.8","Vietnamese","16948 107 Ave Nw, Edmonton, AB T5P 4C3"
"Heeretea 東喜茶 Edmonton","4.7","Asian","11116 - 82 Avenue Nw Garneau, Edmonton, AB T6G"
"Sam’s Pizza and Donair","4.7","Pizza","18236 89 Ave Nw, Edmonton, Ab T5T"
"Boba boy (Edmonton)","4.1","Bubble tea","20013 Lessard Road Northwest Edmonton, Ab T6m 0k4 Canada,"
"Palabok House","4.7","Filipino","10525 51 Avenue Northwest, Edmonton, AB T6H 0K5"
"Swagat India Bistro & Bar","4.7","Asian fusion","9737 118 Ave Nw, Edmonton, T5G"
"Urban Plant Cafe","4.9","Korean","18a 9261 34 Ave Nw, Edmonton, AB T6E"
"Mikado Restaurant (Westside)","4.8","Japanese","9942 170 Street Northwest, Edmonton, AB T5T"
"Menchie's Frozen Yogurt (Garneau)","4.6","Desserts","8705 109 St Nw, Edmonton, Alberta T6G 2L5"
"Pizza Unlimited & Fried Chicken","4.6","Pizza","2386 23 Ave Nw, Edmonton, AB T6T 0R1"
"Kingdom of Spices","4.5","Indian","4547 118 Avenue Northwest, Edmonton, AB T5W 1A8"
"Garlic & Greens","4.0","Indian","5611 23 Avenue Northwest, Edmonton, AB T6L 7B9"
"Nosh Cafe (North)","4.8","Indian","15945 97 Street Northwest , Edmonton, AB T5X 0C7"
"Rosso Pizzeria","4.7","Pizza","8738 109 Street Northwest, Edmonton, AB T6G 1E9"
"YiFang Taiwan Fruit Tea 一芳台灣水果茶 (WEM)","5.0","Bubble tea","2580-8882 170 St Nw, Edmonton, AB T5T 4M2"
"Seoul Fried Chicken (Whyte Ave)","4.8","Korean","7904b 104 Street Northwest, Edmonton, AB T6J 4C8"
"Song Tea 丧茶 (South)","New","Bubble tea","3354a Gateway Boulevard Northwest Edmonton, Ab T6j 6v1,"
"Dil-E-Punjab Sweets and Restaurant","4.2","Indian","1531 Mill Woods Road East Nw, Edmonton, AB T6L"
"The Buckingham","4.6","Burgers","10439 82 Avenue Northwest, Edmonton, AB T6E 2A1"
"Oodle Noodle (Terwillegar)","4.8","Asian fusion","2305 Rabbit Hill Rd Nw #3, Edmonton, AB T6R 3L6"
"Shoyu Sushi","4.7","Japanese","10011 109 Street Northwest Edmonton, Ab T5j,"
"Remedy Cafe (Whyte Ave)","4.8","Indian","10479 82 Avenue Northwest, Edmonton, AB T6E"
"Tokyo Express (Oliver Square)","4.8","Sushi","11436 104 Ave Nw , Edmonton, AB T5H"
"New Streets Of India","4.0","Burgers","1764 34 Avenue, Edmonton, NAMER T6T"
"Phobulous","4.7","Vietnamese","8701 109 St Nw, Edmonton, Ab T6G 2L5"
"Pho Hoan Pasteur (Edmonton)","4.8","Vietnamese","6566 28 Ave Nw, Edmonton, AB T6L"
"Tapsilog Filipino Cuisine","4.7","Filipino","10617 51 Ave Nw A Edmonton AB T6H"
"Good Buddy Chinese Restaurant (South)","4.6","Chinese","2059 111 Street Northwest Edmonton, Ab T6j 4v9,"
"Chicko Chicken Edmonton (southgate)","4.7","Korean","10633 51 Avenue Northwest, Edmonton, AB T6H 0K8"
"New Everest Indian Multi Kitchen & Bar","4.7","Indian","10540 82 Ave Nw, Edmonton, AB T6E 2A4"
"Padmanadi  (Southside)","5.0","Vegetarian","106 6925 Gateway Boulevard Northwest, Edmonton, AB T6H 2J1"
"Million Thai Restaurant","4.4","Thai","4109 118 Avenue Northwest, Edmonton, NAMER T5W 1A3"
"Chettinad Aachy's","4.4","Indian","15525 Stony Plain Road Northwest, Edmonton, AB T5P"
"Doughnut Party (Brewery)","4.8","Bakery","11980 104 Ave Nw, Edmonton, Ab T5K 0G6"
"Dagu Happy Cup 大鼓奶茶","4.9","Asian","10408 Jasper Avenue Northwest, Edmonton, AB T5J"
"Masala Tree","4.4","Indian","2714 141 Street Southwest Edmonton, AB T6W"
"Lovely Pizza & Indian Cuisine","4.2","Pizza","16615 50 Street Northwest, Edmonton, T5Y"
"Mudpot Restaurant","4.2","Indian","23 Ave Nw #2382, Edmonton, AB T6T 0R1"
"Siam Thai Kitchen","4.6","Thai","15883 116 Avenue Northwest , Edmonton, AB T5M"
"Cosmic Pizza and Donair (Downtown)","4.7","Pizza","10412 102 Ave, Edmonton, AB T5J 0B4"
"Cinnaholic Bakery (Whyte Ave)","4.7","Desserts","10345 82 Ave Nw Unit 101, Edmonton, AB T6E"
"PrimeTime Donair & Poutine - Ermineskin","4.8","Burgers","3004b 106 St, Edmonton, AB T6J 5M5"
"Smokin' Barrels Cocina Latina","4.4","Mexican","13119 156 St Nw, Edmonton, AB T5V 1V2"
"Lemongrass Cafe","4.7","Vietnamese","10417 51 Avenue, Edmonton, AB T6H 0K4"
"Tasty Indian Restaurant & Meat Shop","4.4","Indian","12916 127 St Nw, Edmonton, AB T5L 1A9"
"TasteBuds Hyderabadi Indian Fusion","4.5","Indian","5641 Riverbend Road Northwest, Edmonton, AB T6H"
"Checkers Pizza & Kabab (Whyte Ave.)","4.7","Pizza","10658 82 Avenue Northwest, Edmonton, NAMER T6E"
"Y-Not Indian Bar & Bistro","4.2","Indian","3311 34 Street Northwest, Edmonton, AB T6T 2K6"
"New Gurkha Indian Restaurant & Bar","4.4","Indian","4005 Gateway Blvd Nw, Edmonton, AB T6J"
"Kathmandu rasoi Ltd","4.7","Indian","17759 98a Ave Nw, Edmonton, AB T5T 5W8"
"Soban Sushi & Asian Taste","4.8","Sushi","7450 82 Avenue Northwest, Edmonton, AB T6B 0G2"
"Royal Sweets & Restaurant","4.2","Indian","5065 22 Avenue Southwest, Edmonton, AB T6X"
"Raja Foods","4.4","Indian","5173 55 Ave Nw, Edmonton, AB T6B"
"11584 Burger King (6049 Young Street)","4.6","American","6049 Young Street, Halifax, NS B3K"
"As You Like it Sandwich Bar (Barrington St)","New","Salads","1791 Barrington Street, Halifax, NAMER B3J 3Y8"
"Laurent French Bakery","New","Breakfast and brunch","2063 Gottingen St, Halifax, NS B3K 3"
"McDonald's (Kempt)","4.5","Burgers","3486 Kempt Road, Halifax, NS B3K 4X7"
"Starbucks (Garden Stone)","4.9","Bakery","5554 Kaye Street, Halifax, NS B3K 1Y5"
"Wendy's (3580 Kempt Road)","4.6","Fast food","3580 Kempt Road, Halifax, NS B3K 4X8"
"Subway (3045 Robie St)","4.5","American","3045 Robie St, Halifax, NS B3K 4P6"
"Bobar","4.3","Desserts","6082 Quinpool Rd, Halifax, NS B3L 1A1"
"Booster Juice (6140 Young St)","4.8","Healthy","6140 Young St Halifax NS B3K 0G2"
"HARVEST | Clean Eats","4.7","Healthy","1625 Market St, Halifax, NAMER B3J 2C8"
"Big General Store","4.8","Desserts","6070 South St, Halifax, Nova Scotia B3H"
"Dollarama (Young Kempt Centre)","4.6","Home & Personal Care","6061 Young Street Halifax, Ns B3k 2a3,"
"Omelet Brunch & Munch","4.1","Breakfast and brunch","6386 Quinpool Rd, Halifax, NS B3L 4N2"
"Kempster's Cookhouse & Eatery","4.4","Breakfast and brunch","3644 Kempt Rd, Halifax, NS B3K"
"Tim Horton's (7010 Mumford Road Building B4)","4.6","Bakery","7010 Mumford Road Building B4, Halifax, NS B3L 2H6"
"Rudy's","4.8","Sandwich","1681 Granville St, Halifax, Ns B3J"
"Cafe Taiyaki 52","4.9","Japanese","2009 Brunswick St, Halifax, Ns B3J"
"Lady Hammond Grill","4.5","Sandwiches","6151 Lady Hammond Road Halifax, B3k 2r9 Canada,"
"Bedford Basin Farmers Market","New","American","397 Bedford Highway, Halifax, NS B3M 2L3"
"Julienne's Restaurant and Catering","New","Sandwiches","5595 Fenwick St Halifax NS B3H"
"Xena's Bread and Butter","4.9","Filipino","1996 Brunswick Street, Halifax, NAMER B3J 2G7"
"HARVEST Clean Eats (Bayers Lake)","4.8","Healthy","120 Susie Lake Crescent, 14, Halifax, NAMER B3S 1C7"
"A&W (68 Hogan Court)","4.5","Fast food","68 Hogan Court, Halifax, NS B4b2g2"
"Pür & Simple (Halifax)","4.5","Breakfast and brunch","6140 Young Street, Suite 105, Halifax, NS B3K 0G2"
"Cousin's Restaurant","New","Greek","3545 Robie Street, Halifax, NS B3K"
"The Breakfast Joint","4.8","Breakfast and brunch","6499 Quinpool, Halifax, Nova Scotia B3L"
"Flynn's Dairy Bar & Convenience (Spring Garden)","4.4","Convenience","5994 Spring Garden Rd, Halifax, NS B3H 1Y7"
"East Cup Cafe","New","Coffee & tea","1936 Robie St, Halifax, NS B3H"
"Cabin Coffee","4.2","Coffee & tea","1554 Hollis St, Halifax, NS B3J"
"Kenny's Pizza Bedford","4.4","Pizza","1658 Bedford Highway, NAMER B4A 2X9"
"As You Like It","New","Sandwich","1660 Hollis St., Halifax, Nova Scotia B3J"
"Cora Breakfast and Lunch (277 Lacewood Drive)","4.7","Breakfast and brunch","277 Lacewood Drive, Halifax, NS B3M3Y7"
"The Nook","4.8","Sandwich","2118 Gottingen St., Halifax, NS B3K 0C5"
"Fortune Doughnut","4.9","Desserts","2306 Gottingen, Halifax, NS B3K"
"PG's Cafe","New","Burgers","1266 Hollis Street Halifax, Ns B3j 1b3 Canada,"
"Healthyway Cafe","New","Healthy","6960 Mumford Rd, Halifax, NS B3L"
"The Cake Factory (Spring Garden)","4.6","American","5994 Spring Garden Rd, Halifax, NS B3H 1Y7"
"Second Cup ft. Pinkberry (185 Chain Lake Drive)","4.5","Coffee & tea","185 Chain Lake Drive, Halifax, NS B3S"
"Bluenose II Restaurant","3.8","Seafood","1824 Hollis Street, Halifax, NS B3J 1W4"
"Panada Pizza Dartmouth","New","Pizza","68 Highfield Park Dr, Dartmouth, NAMER B3A"
"Daily Grind Cafe & Bar","New","Coffee & tea","1475 Lower Water Street
Bishop’s Landing, Halifax, NAMER B3J 3Z2"
"Cafe Lara","5.0","Allergy friendly","2347 Agricola Street, Halifax, NS B3K 4B7"
"Fairview Variety Quik-Way","4.9","Convenience","130 Main Ave, Halifax, NS B3M 1B1"
"The Body Shop (Mumford Road)","New","Personal care","Mumford Road, Halifax, NAMER B3L 2H8"
"Showtime Variety","4.8","Convenience","32 Albro Lake Rd, Dartmouth, Nova Scotia B3A 3X8"
"Nena's Breakfast House","4.7","Breakfast and brunch","273 Wyse Rd, Dartmouth, NAMER B3A 1N5"
"HARVEST | Clean Eats","4.9","Healthy","936 Bedford Hwy Bedford, Ns B4A"
"Smokey's Restaurant","4.1","Breakfast and brunch","81 Wright Ave Dartmouth, Nova Scotia B3b 1h4 Canada,"
"The Bread Lounge Bakery","New","Breakfast and brunch","26 Akerley Boulevard Dartmouth, Ns B3b 1e4 Canada,"
"VINTEA Bubble House","New","Asian","644 Portland Street, Dartmouth, NS B2W 6C4"
"Freshii (Dartmouth)","4.5","Bowls","100 Ilsley Ave, Unit A, Dartmouth, B3B"
"The Dill Pickle Sandwich Bar","4.6","Salads","250 Baker Dr, Dartmouth, B2w 6l4,"
"Chatime (Spring Garden)","4.4","Asian","1480 Brenton Street, Halifax, NS B3J 2K7"
"White Alley Bubble Tea","5.0","Bubble tea","1594 Granville Street, Halifax, NS B3J 1X1"
"Fun and Shakes","5.0","Ice Cream & Frozen Yogurt","1365 Hollis St, Halifax, Nova Scotia B3J 1T8"
"Presotea (Chain Lake)","4.8","Asian","201 Chain Lake Drive Halifax, Ns B3s 1c8,"
"Downtown Pizza and Donair","4.3","Pizza","215 Chain Lake Drive Halifax, Ns B3s 1c9, B3T"
"Brothers Punjabi Flavors","4.7","Indian","51 Supreme Ct, Halifax, Ns B3n 0g1,"
"Thai Express  (7001 Mumford Road)","4.7","Thai","7001 Mumford Road Halifax, Ns B3l 4n9,"
"Greco Pizza (Hammonds Plains)","New","Pizza","1210 Hammonds Plains Road, NS B4B 1B4"
"Makhani Indian Restaurant","4.5","Indian","1595 Bedford Highway, NS B4A"
"Cacao 70 (Halifax)","4.4","Desserts","1875 Upper Water St, Halifax, NS B3J"
"BarBurrito: Nova Scotia: Cole Harbour","4.8","Mexican","4 Forest Hills Parkway , Unit 1115A, Dartmouth, NS B2W 5G7"
"FIVE GUYS ARGYLE (NS-1915)","4.7","Burgers","1630 Argyle St, Halifax, NS B3J"
"Pizza Pizza (1565 Argyle St.)","4.6","Chicken Strips","1565 Argyle St., Halifax, NS B3J 2B2"
"Red Chillies Flavours of India","4.3","Comfort food","936 Bedford Hwy, Halifax, NS B4A"
"Beyond Temptation","4.6","Indian","5657 Spring Garden Road Suite 195, Halifax, NS B3J 3R4"
"Beyond Pho Vietnamese Cuisine","4.7","Vietnamese","5518 Spring Garden Road Halifax, Ns B3j 1g5,"
"My Recipe Indian Multi Cuisine Restaurant","4.2","Indian","43 Boland Road, Dartmouth,  B3a 1m9,"
"Classic Pizza","4.7","Pizza","590 Portland Street, Dartmouth, NAMER B2W"
"Happy Sushi Restaurant","4.6","Sushi","75 Peakview Way, Halifax, NS B3M 0G2"
"Fong Sing Restaurant","4.7","Chinese","278 Lacewood Drive, Halifax, NS B3M 3N8"
"Atithi Indian Restaurant","New","Indian","1312 Bedford Highway Bedford, Ns B4A"
"Efty Dishes Restaurant","4.9","African","70 Lacewood Dr, Halifax, NS B3M"
"ZenQ (Halifax)","4.4","Bubble Tea","1065 Barrington St, Halifax, NS B3H 2P8"
"Boston Pizza (Downtown Halifax)","4.5","Italian","1858 Granville Street, Halifax, NS B3J"
"Wild Leek • Vegan Food & Juice Bar","4.8","Vegetarian","2156 Windsor St, Halifax, Nova Scotia B3K 1A1"
"May Garden (Dartmouth)","4.5","Chinese","136 Portland Street, Dartmouth, NS B2Y"
"Efes Turkish Cuisine","4.6","European","5986 Spring Garden Road, Halifax, NS B3H 1Y7"
"Jessy's Pizza","New","Pizza","6041 North Street, Halifax, NAMER B3K 1P1"
"Sunrise Market (Cannon St)","4.7","Convenience","217 Cannon Street East, Hamilton, ON L8L 2A9"
"MIX+ Food Mart","4.2","Convenience","215 King Street West Hamilton, On L8p 1a7,"
"Big Bear Food Mart","4.0","American","82 Wellington Street North, Hamilton, ON L8R 1N1"
"Starbucks (112 King Street East)","4.7","Bakery","112 King Street East, Hamilton, ON L8N 1A8"
"McDonald's (675 Upper James Street)","4.4","American","675 Upper James Street, Hamilton, ON L9C 2Z5"
"Wendy's (869 Upper James Street)","4.5","Fast food","869 Upper James Street, Hamilton, ON L9C 3A3"
"Tim Horton's (80 John St)","4.7","Bakery","80 John St, Hamilton, ON L8N 2C2"
"Burger King #2426 (210 Centennial Parkway North)","4.4","American","210 Centennial Parkway North, Hamilton, ON L8E 4A1"
"7-Eleven (622 Upper Wellington St @ Brucedale)","4.5","Wings","622 Upper Wellington St @ Brucedale, Hamilton, ON L9A"
"ANYTIME CONVENIENCE","4.7","Convenience","180 Queen Street South, Hamilton, ON L8P"
"A&W (Upper James St)","4.0","Fast food","931 Upper James St, Hamilton, ON L9C 3A6"
"Subway (830 Upper James St)","4.6","American","830 Upper James St, Hamilton, ON L9C"
"Arha Variety","3.9","Burgers","527 James Street North, Hamilton, ON L8L 1J6"
"Sunset Grill (1299 Barton St.)","4.5","Breakfast and brunch","1299 Barton St., Hamilton, ON L8H 2W1"
"Jet Cafe","4.5","Coffee & tea","184 King Street East, Hamilton, ON L8N"
"Wimpy's Diner (Main Street)","4.4","Burgers","875 Main Street West, Hamilton, ON L8S 4R1"
"Canadian Tire Gas+ (1321 Barton Street E)","New","Snacks","1321 Barton Street East, Hamilton, ON L8H 2V4"
"Booster Juice (1400 Upper James Street)","5.0","Healthy","1400 Upper James Street, Hamilton, ON L9B"
"Taste of Lagos","4.0","Steak","54 James St N, Hamilton, ON L8R 2K1"
"On the Run 42366 | 1160 Fennell Ave E","New","Everyday Essentials","1160 Fennell Ave. E., HAMILTON, ON L8T 1S5"
"Golden Griddle (Hamilton)","4.8","Breakfast and brunch","1119 Fennell Ave E, Hamilton, on L8T 1S2"
"Walmart (675 Upper James St, Hamilton)","New","Grocery","675 Upper James St,  Hamilton, Toronto, Ca, L9c 2z5,"
"Hasty Market (Kenilworth Ave N)","New","Snacks","180 Kenilworth Avenue North, Hamilton, ON L8H 4S1"
"Starbucks (1260 Rymal Road East)","4.9","Cafe","1260 Rymal Road East, Hamilton, NAMER L8W 3"
"Metro (1161 Barton Street East)","4.5","Grocery","1161 Barton St E, Hamilton, ON L8H"
"Sunnyside Grill","4.7","Breakfast & Brunch","930 Upper Paradise Rd, 15, Hamilton, ON L9B 2N1"
"Cora Breakfast and Lunch (1400 Upper James St. Unit # 10)","4.1","Breakfast and brunch","1400 Upper James St. , Unit # 10, Hamilton, ON L9B"
"Denny's Canada (560 Centennial Parkway North)","4.1","Breakfast and brunch","560 Centennial Parkway North, Hamilton, ON L8E 0G2"
"Stacked Pancake & Breakfast House (Stoney Creek)","4.4","Breakfast and brunch","140 Highway 8, Stoney Creek, ON L8G 1C2"
"Paradise Grill","4.8","BBQ","930 Upper Paradise Road Hamilton, On L9B"
"Stacked Pancake & Breakfast House (McMaster)","4.4","Breakfast and brunch","1717 Main Street West Hamilton, On L8s 1g5 Canada,"
"Pür & Simple (Ancaster)","4.8","Breakfast and brunch","737 Golf Links Rd, Hamilton, ON L9K 1L5"
"Real Fruit Bubble Tea (Lime Ridge)","4.7","Bubble tea","999 Upper Wentworth Street #244, Hamilton, Ontario L8V"
"Presotea (Hamilton)","4.7","Juice & Smoothies","1037 King St W, Hamilton, ON L8S 1L6"
"Sweet Jesus (Limeridge Mall)","4.7","Ice Cream & Frozen Yogurt","999 Upper Wentworth St, Hamilton, ON L9A 4X5"
"Dairy Queen (1015 Golf Links Rd)","4.8","American","1015 Golf Links Rd, Hamilton, ON L9K"
"Marble Slab Creamery (Ancanster)","4.9","Ice cream & frozen yogurt","73 Wilson Street West, 27D, Ancaster, ON L9G"
"Little Caesars (Rymal Road)","4.8","Pizza","2273 Rymal Road, Stoney Creek, ON L8J"
"Toronto Pho (Hamilton)","4.7","Vietnamese","1070 Stone Church Road East, Unit 24, Hamilton, ON L8W 3K8"
"Cupcakes","4.9","American","1050 King Street West, Hamilton, ON L8S"
"Twins Elephants Thai","4.6","Thai","989 Fennell Ave E #29, Hamilton, On, L8t 1r1,"
"Crumbled","4.6","Dessert: Other","339 Barton St E, Hamilton, ON L8L 2X6"
"I heart Boba","4.9","Asian","80 Dundas Street East, ON L0R"
"Mahal Restaurant","4.3","Indian","527 Upper Sherman Ave, Hamilton, ON L8V 3L9"
"Arby's - Hamilton","4.2","Sandwich","1240 Rymal Road East, Hamilton, NAMER L8W 3N1"
"Hui Lau Shan 许留山 (Hamilton)","4.6","Dessert: Other","35 King St E, Hamilton, ON L8N 4A9"
"Mike's Submarines","4.9","Sandwich","1050 Upper Gage Ave Hamilton On L8v 5b7 Canada, ON L8T"
"Mr. Puffs (Barton)","4.8","Desserts","1275 Barton St E, Hamilton, ON L8H"
"The Burnt Tongue (Dundas)","5.0","Comfort food","11 King Street West, Hamilton, NAMER L9H 1T5"
"Gino's Pizza (640 Mohawk Rd W)","4.9","Pizza","640 Mohawk Rd W, 35, Hamilton, ON L9C 1X6"
"The Cheesecake Factory Bakery by Townhall","4.8","Desserts","581 Concession Street, Hamilton, L8v 1b2,"
"Pho Dui Bo (Stoney Creek)","4.7","Vietnamese","800 Queenston Road, Stoney Creek, ON L8G"
"The Hearty Hooligan","4.9","Vegan","292 Ottawa Street North, Hamilton, ON L8H"
"The Parlour Dairy Bar","4.5","Ice Cream & Frozen Yogurt","581 Concession Street, Hamilton, ON L8V 1B2"
"Beavertails (Kingston)","4.2","Desserts","20 Market Street, Kingston, ON K7L"
"La Luna (Concession Street)","4.4","Mediterranean","650 Concession Street, Hamilton, ON L8V 1B8"
"Bombay Touch","4.7","Indian","800 Queenston Road, Hamilton, ON L8G 2N4"
"Royal Pho","4.8","Asian fusion","1100 Golf Links Rd, Hamilton, NAMER L9K"
"Chef Martin Sushi","4.9","Japanese","1048 King Street West, Hamilton, NAMER L8S"
"Ajio Korean and Japanese Restaurant","4.8","Japanese","161 King Street East, Hamilton, ON L8N 1B1"
"Shehnai Restaurant","4.5","Indian","447 Main St W., Hamilton, Ontario L8P"
"Chicken Plus Hamilton","4.9","Korean","1 Wilson Street, Unit 3 Hamilton, On L8r 1c4,"
"GREENLEAF - South Indian Food, Idli, Dosa Restaurant In Hamilton","4.3","Indian","865 Upper James St #2 Hamilton On L9c 3a3 Canada, ON L9A"
"Red Maple Sushi","4.7","Sushi","2732 Barton St E 7, Hamilton, Ontario L8E 4M6"
"Indian Spice","3.9","Indian","647 Upper James Street, Hamilton, ON L9C 2Y9"
"Moghul Fine Indian Restaurant","4.6","Indian","288 Mud Street West, Hamilton, L8J"
"Tea Hut Bubble Tea Smoothies Juice & Snacks","4.6","Asian","100 Main Street East #100, Hamilton, ON L8N 3W4"
"Lotus Thai & Vietnamese Cuisine","4.6","Comfort food","280 Mud Street West, Stoney Creek, ON L8J 3Z6"
"Just Jollof","4.2","Nigerian","92-94 Jackson Street East Hamilton, On L8n 3y6 Canada,"
"Saigon House Restaurant (Hamilton)","4.8","Vietnamese","27 John Street South, Hamilton, ON L8N"
"Sweet Tooth (Hamilton)","4.3","Ice cream & frozen yogurt","15 Cannon Street East, Hamilton, ON L8L 1Z6"
"Sana Grill (Fennell Ave)","4.5","Mediterranean","989 Fennell Ave E, Hamilton, ON L8T 1R1"
"Royal Paan (Hamilton - Rymel)","4.1","Indian","30 Rymal Road East, Hamilton, ON L9B"
"Lava Pizza & Wings","4.2","Pizza","387 Barton St E , Unit 2, Hamilton, ON L8L 2Y2"
"Industria Pizzeria + Bar (Stoney Creek)","4.4","Pizza","1791 Stone Church Road East , Unit #1- Building 4, Stoney Creek, ON L8J"
"Dim Sum House","4.7","Chinese","173 King Street E, Hamilton, ON L8N 1B3"
"The Burnt Tongue (Locke)","4.9","Comfort food","182 Locke Street South, Hamilton, ON L8P 4B3"
"Fishing Sushi","4.8","Asian fusion","542 Concession Street, Hamilton, ON L8V 1A9"
"South Garden Chinese Restaurant","4.5","Chinese","1300 Garth St, Hamilton, NAMER L9C"
"Popeyes Louisana Kitchen (930 Upper Paradise Rd, Unit 8/9)","4.6","American","930 Upper Paradise Rd, Hamilton, On L9B 2N1"
"Fresh Healthy Cafe (Formerly Soulful Delish)","4.6","Healthy","33 Brock St, Store, Kingston, NAMER K7L 1R7"
"Food Basics (33 Barrack St)","4.2","Everyday Essentials","33 Barrack St, Kingston, NAMER K7K 1E7"
"McDonald's (Kingston - 312 Princess)","4.6","American","312 Princess St, Kingston, ON K7L 1B6"
"M&M Food Market (Kingston-Bath)","New","Grocery","277 Bath Road, Kingston, NAMER K7M2X6"
"For Thirst and Hunger Beverage and Food Company","New","Canadian","645 Gardiners Rd, 110, Kingston, ON K7M 8K2"
"A&W (328 King St)","4.6","Fast food","328 King Street, Kingston, ON K7L 3B4"
"Starbucks (Johnson & Division)","4.8","Bakery","121 Division Street, Kingston, ON K7L 3M5"
"Coffee and Company","5.0","Coffee & tea","53 Princess Street, Kingston, ON K7K"
"Tommy's","4.6","Burgers","377 Princess St, Kingston, ON K7L"
"The Grocery Basket","4.7","Sandwich","260 Princess Street, Kingston, ON K7L"
"The Store Famous","New","Comfort food","406 Barrie Street, Kingston, ON K7K 3T9"
"Subway (Ontario Street)","4.3","American","257 A Ontario St., Kingston, ON K7K"
"Wendy's (1043 Princess St.)","4.6","Fast food","1043 Princess Street, Kingston, ON K7L 1H3"
"Geneva Crepe Bistro","4.8","French","297 Princess St, Kingston, ON K7L 1B4"
"Juniper Cafe","4.8","Coffee & tea","370 King St W , Kingston, ON K7L"
"Panera Bread (88 Dalton Avenue)","4.5","American","88 Dalton Ave, Kingston, ON K7K 6C3"
"Denny's Canada (670 Gardiners Rd)","4.3","Breakfast and brunch","670 Gardiners Rd, Kinston, ON K7M 3X9"
"Peter's Place Restaurant","4.5","Breakfast & Brunch","34 Princess St, Kingston, ON K7L"
"Coco Frutti (Kingston)","4.4","Breakfast and brunch","768 Gardiners Rd, Kingston, ON K7M 3X9"
"Metro (310 Barrie St)","4.6","Grocery","310 Barrie St, Kingston, NAMER K7L 5L4"
"Quick Stop Convenience","4.7","Convenience","155 Concession St Kingston, On K7k 2b1,"
"CocoFrutti (Kingston)","4.8","Breakfast and brunch","96 Innovation Drive Kingston, On K7k7e7 Canada,"
"Gina's Grill","4.8","Breakfast and brunch","1679 Bath Road, Kingston, ON K7M 4X2"
"Division Street Market","4.8","Convenience","370 Division St, Kingston, NAMER K7K 4A5"
"Balzacs (Kingston)","New","Coffee & tea","251 Princess St, Kingston, ON K7L 1B4"
"Booster Juice - Kingston","4.7","Sandwich","293 Princess Street Kingston, On K7l 1b4 Canada,"
"Juniper Cafe","4.9","Sandwiches","497 Cataraqui Woods Drive, Kingston, NAMER K7P 1T8"
"Stacked Pancake & Breakfast House (Kingston)","4.5","Breakfast and brunch","1117 Midland Avenue - Unit 5, Kingston, NAMER K7P 2X8"
"Canadian Tire Gas+ (970 Princess St)","3.8","Snacks","970 Princess St., Kingston, ON K7L 1H2"
"COBS Bread (RioCan Centre Kingston)","4.7","Bakery","A003b - 770 Gardiners Rd, Kingston, ON K7M 0A2"
"Tim Horton's (945 Gardiners Rd-Cataraqui Twn Cntr)","4.3","Bakery","945 Gardiners Rd-Cataraqui Twn Cntr, Kingston, ON K7M 7H4"
"Dollarama (JSM Business Centre)","New","Toys","1011 Princess St, Block D, Kingston, NAMER K7L 1H3"
"Meadowbrook Variety","New","Snacks","545 Armstrong Road, Kingston, ON K7M 7G9"
"Pasha","New","Turkish","61 Division St, Kingston, ON K7L 3L8"
"Quik Chek Convenience Store","4.8","Ice cream & frozen yogurt","730 Front Road, Kingston, ON K7M 6P7"
"PetSmart (Kingston)","4.8","Retail","690 Gardiners Road, Kingston, NAMER K7M 3X9"
"Eggsquis (Kingston)","3.7","Breakfast and brunch","2774 Princess St, Kingston, NAMER K7P 1W9"
"Pudgyboy's Mini Donuts (Kingston)","New","Desserts","377 Princess St., Kingston, NAMER K7L"
"Walmart (1130 Midland Ave)","New","Grocery","1130 Midland Ave, Kingston, Ca, K7p 2x9,"
"Maverick's Donut Company (Kingston)","5.0","Doughnuts","320 Princess Street Kingston, On K7l 1b6,"
"Rexall Drug Store (Princess St)","4.2","Home & Personal Care","1036 Princess Street, Kingston, ON K7L 1H2"
"The Body Shop (945 Gardiners Rd)","New","Personal care","945 Gardiners Rd, Kingston, NAMER K7M 7H4"
"35326 Petro-Canada (1586 Centennial Drive)","4.9","Everyday Essentials","1586 Centennial Drive, Kingston, ON K7M"
"Burger King (1093 Midland Ave)","4.5","Sandwich","1093 Midland Avenue, Kingston, NAMER K7P 2X8"
"Crossroads Country Store","New","Pizza","2280 Sydenham Rd, Kingston, ON K0H 1M0"
"East Side Mario's (Kingston)","4.5","Italian","774 Gardiners Rd, Kingston, ON K7M"
"Ghost Kitchen Brands (Bath Rd)","4.4","Desserts","1718 Bath Rd, Kingston, ON K7M"
"Sima Sushi","4.9","Japanese","66 Princess St, Kingston, ON K7L 1A5"
"241 Pizza (Kingston)","4.5","Pizza","294 Princess St, Kingston, ON K7L"
"Maki sushi & noodle","4.8","Japanese: Sushi","2-1218 Hwy 15, Kingston, ON K7K"
"Akira Restaurant","4.5","Asian","83 Aberfoyle Rd Kingston, Ontario K7M"
"Sushiya Zen","4.8","Japanese","49 Princess St, Kingston, ON K7K"
"FIVE GUYS GARDINERS (ON-1562)","4.7","Burgers","770 Gardiners Rd, Kingston, ON K7M 3X9"
"Melt&Grill","4.6","Sandwiches","292 Princess St, Kingston, ON K7L"
"Harvey's (Norwest Road)","4.6","Burgers","830 Norwest Road, 3A, Kingston, ON K7P"
"Beavertails  (159 Division St)","New","Desserts","159 Division St., Kingston, ON K7L3M6"
"Saigon Delights (Division St)","4.9","Vietnamese","217 Division St Kingston, Ontario K7k 3z2,"
"Little Caesars (507 Princess Street)","4.5","Pizza","507 Princess Street, Kingston, ON K7K"
"Izumo Sushi","4.7","Sushi","499 Princess St, 1, Kingston, ON K7L"
"Apsara Angkor Cuisine Restaurant","4.5","Thai","189 Ontario Street, Kingston, ON K7L 2Y7"
"Popeyes Louisiana Kitchen (96 Innovation Dr)","4.7","American","96 Innovation Dr, Kingston, On K7K"
"KFC (29 Warne Crescent)","4.4","American","29 Warne Crescent, Kingston, ON K7K 5A6"
"Pizza Studio (Kingston)","4.6","Pizza","358 Princess St, Kingston, ON K7L"
"Pizza Pizza (414 Princess)","4.1","Chicken Strips","414 Princess St., Kingston, ON K7L"
"Pita Pit (Princess & Division)","4.5","Healthy","421 Princess St, Kingston, Ontario K7L"
"Atomica Kitchen l Cocktails","4.6","Pizza","71 Brock St, Kingston, Ontario K7L 2Z9"
"Shawarma El Mina","4.8","Halal","1759 Bath Rd, Kingston, ON K7M 4Y3"
"Minos Take Out West","4.6","Salads","2796 Princess Street, Kingston, ON K7P"
"Mary Brown's Chicken (656 Gardiners Road, Unit 20a)","4.7","Chicken","656 Gardiners Rd, Kingston, ON K7M 3X9"
"Mr. Mango Tea & Juice","New","Asian","318 Princess Street, Kingston, NAMER K7L 1B6"
"The Cheesecake Factory Bakery by Ghost Kitchens (Bath Rd)","4.6","Desserts","1718 Bath Rd, Kingston, ON K7M"
"Thai House Cuisine","4.7","Thai","185 Sydenham St, Kingston, ON K7K"
"Guac Mexi Grill (Kingston)","4.6","Mexican","333 University Avenue, Kingston, ON K7L 0G3"
"Boston Pizza (95 Dalton Ave)","4.2","Italian","95 Dalton Ave, Kingston, ON K7K"
"Presotea (Kingston)","4.8","Bubble tea","346 Princess Street, Kingston, ON K7L 1B6"
"Torino pizza & pasta","4.6","Pizza","1786 Bath Rd Kingston, On K7m 4y2 Canada,"
"Swiss Chalet (Dalton Ave)","4.7","Diner","85 Dalton Ave, Kingston, ON K7K"
"Hero Certified Burgers  (1046 Princess St.)","4.4","American","1046 Princess St, Kingston, ON K7L 1H2"
"Montana's (Kingston)","4.6","Steak","630 Gardiners Rd, Kingston, ON K7M"
"Burger King #3056 (1295 Oxford Street East)","4.5","American","1295 Oxford Street East, London, ON N5Y 4W4"
"Frank & Burgers","3.7","Cheese","172 King Street, London, ON N6A"
"A&W (London Music Hall)","4.6","Fast food","176 Dundas Street, London Music Hall, Ontario N6A 1G7"
"Starbucks (Richmond & Central)","4.7","Bakery","601 Richmond Street, London, ON N6A"
"Canteen (172 King St)","3.8","Burgers","172 King St, London, ON N6A 1C6"
"Reset Social Cafe","4.8","Sandwich","503 Talbot St, London, ON N6A"
"Church's Texas Chicken (1030 Adelaide St N, London)","4.3","Comfort food","1030 Adelaide Street North, London, ON N5Y 2M9"
"Subway (355 Wellington St Unit 4)","5.0","American","355 Wellington Street , Unit #4 Citi Plaza, London, ON N6A"
"McDonald's (Western)","4.6","Burgers","61 Oxford Street West, LONDON, ON N6H 5S8"
"Frank & Furter's Restaurant & Bar","3.6","American","172 King St, London, On N6A 1C6"
"Wendy's (676 Highbury Avenue)","4.6","Fast food","676 Highbury Avenue, London, ON N5W 5R3"
"Mary's Place","4.7","Breakfast and brunch","159 Saint Julien Street, London, ON N5Z"
"Old Bagel House","5.0","Bagels","16 Base Line Rd W, C2, London, ON N6J 1V2"
"That Breakfast Place","3.0","Comfort food","172 King Street, London, ON N6A 1C6"
"Harvey's (Highbury Ave)","4.6","Canadian","1192 Highbury Avenue N, London, ON N5V"
"Saga Cafe","4.8","Coffee & tea","105 King Street, London, ON N6A 1C1"
"Pita Pit (1255 Kilally Road)","4.5","Italian","1255 Kilally Road, London, ON N5Y"
"Hasty Market (338 Dundas Street)","4.3","Snacks","338 Dundas Street, London, N6B 1V7 ON"
"London Corner Variety Store","4.7","Everyday Essentials","101 210 Dundas Street, London, ON N6A 5J3"
"Shawarma House (Hawthorne Rd)","4.9","Falafel","10 Hawthorne Road Unit #2, London, NAMER N6G"
"Student Variety","4.9","Convenience","699 Richmond Street Unit 3, London, ON N6A 5M1"
"Sunset Grill (705 Wonderland Road North, Unit B2-1)","4.5","Breakfast and brunch","705 Wonderland Road North , Unit B2-1, London, ON N6H"
"Mother Hubbard's","New","Canadian","301 Oxford Street West, London, ON N6H 1S6"
"Coffee Culture (260 Dundas St)","4.6","Coffee & tea","260 Dundas St, London, Ontario N6A"
"The Great Canadian Bagel","4.7","Comfort food","1737 Richmond St, 4, London, ON N6G"
"BoxCar Donuts","4.9","Desserts","478 Richmond St, London, ON N6A 3E4"
"Hero Certified Burgers (1299 Oxford Street East)","New","Burgers","1299 Oxford St E, 40, London, ON N5Y 4W5"
"Buzz Bagelz","4.8","Bagels","160 Dundas St, London, ON N6A 1G1"
"7-Eleven (1181 Western Rd @ Sarnia)","4.6","Wings","1181 Western Rd @ Sarnia, London, ON N6G"
"TAJ MAHAL KITCHEN & BAR","New","American","1682 Dundas St, London, ON N5W 3C7"
"Wisdom Teashop and Cafe","5.0","Coffee & tea","610 Dundas St, London, ON N5W 2Y8"
"Family Circle Restaurant","4.9","Breakfast & Brunch","147 Wellington St, London, ON N6B"
"Zaatarz","4.7","Middle Eastern","639 Southdale Rd E, London, Ontario N6E"
"Westside Family Restaurant","4.5","Breakfast and brunch","107 Mt Pleasant Ave, London, On N6H"
"Reef Bakery","New","Middle Eastern","775 Southdale Road East, London, ON N6E"
"M&M Food Market (London-White Oaks)","New","Grocery","107/109-1067 Wellington Road, London, NAMER N6E2H5"
"Ring A Wing (Wonderland)","4.2","Wings","666 Wonderland Rd N, London, ON N6H"
"Springbank Minimart & Video Balloon Centre","New","American","6-360 Springbank Drive, London, ON N6J"
"Metro (1030 Adelaide St N)","4.6","Grocery","1030 Adelaide St N, London, NAMER N5Y 2M9"
"Mike's Pizza & Donair (Oakville Ave)","New","Pizza","100 Oakville Ave, London, ON N5V"
"The Better Blend Smoothie Bar","4.8","Sandwiches","130 King St, London, ON N6A"
"Cora Breakfast and Lunch (1030 Adelaide St N Unit #8)","3.9","Breakfast and brunch","1030 Adelaide St N , Unit #8, London, ON N5Y"
"Booster Juice (671 Wonderland Road N)","4.8","Drinks","671 Wonderland Rd. North A5-103, London, ON N6H 0H9"
"Campus Hi-Fi","4.5","Breakfast and brunch","736 Richmond Street, London, ON N6A"
"La Parrillada Grill and Latin Cuisine","4.1","Mexican","196 Thompson Rd, London, ON N5Z 2Y9"
"Angel's Family Restaurant","4.8","Comfort Food","100 Belmont Dr, London, ON N6J"
"IHOP (Oxford St)","4.3","American","530 Oxford St W, Unit #18A, London, ON N6H 1T6"
"The Breakfast Griddle","4.7","Breakfast and brunch","159 Saint Julien Street, London, ON N5Z 2M8"
"BUTTERBITES Cafe and Restaurant","4.9","Salads","1494 Dundas St, London, ON N5W 3B9"
"Joe's Bros Pizza","New","Pizza","1086 Commissioners Rd E, London, ON N5Z"
"Stacked Pancake & Breakfast House (London)","New","Breakfast and brunch","849 Wellington Road, London, NAMER N6E 3R5"
"Cinnabon (Oxford St)","4.2","Bakery","530 Oxford St W, Unit #18A, London, ON N6H 1T6"
"PetSmart (London East)","4.5","Retail","1275 Highbury Ave N, Unit  117, London, ON N5Y 1A8"
"Dollarama (Adelaide Centre)","4.8","Toys","1030 Adelaide St N, Unit 10A, London, ON N5Y 2M9"
"Denny's Canada (3700 Highbury Ave South)","4.3","American","3700 Highbury Ave South, London, ON N6N"
"Mylos Grill","4.0","Breakfast and brunch","855 Wellington Road, London, ON N6E"
"Food Basics (1299 Oxford St E)","4.5","Everyday Essentials","1299 Oxford St E, London, ON N5Y 4W5"
"Pastry Culture","4.7","Pastry","130 King St C-7b, London, ON N6A 1C3"
"Happiness Downtown","4.8","Bakery","430 Wellington St, London, ON N6B"
"Smiley's Pizzeria","5.0","Pizza","1464 Adelaide Street North, London, ON N5X"
"Pinto’s Convenience","4.9","Convenience","767 Hamilton Road, London, ON N5Z"
"Canadian Tire Gas+ (1975 Dundas St E)","New","Snacks","1975 Dundas St. E., London, ON N5V 4Y5"
"Walmart (330 Clarke Rd)","New","Grocery","330 Clarke Rd, London, ON N5W 6G4"
"Pür & Simple (London South)","4.7","Burgers","395 Wellington Road London, On N6c 5z6,"
"COBS Bread (London North West)","4.9","Bakery","1320 Fanshawe Park Road W, London, ON N6G"
"Richies Family Restaurant","4.7","Breakfast and brunch","1673 Richmond St #14 London, On N6g 2n3,"
"Cedar North Restaurant","4.6","Middle Eastern","1215 Fanshawe Park Road West, London, ON N6G 5B4"
"Tea Point","New","Comfort Food","1299 Oxford St E, 40, London, ON N5Y 4W5"
"The Knotty Pine Restaurant","4.7","Breakfast & Brunch","1100 Wellington Rd, London, ON N6E1M2"
"Hadi's Shawarma","New","Middle Eastern","1579 Oxford St E, London, Ontario N5V 1W5"
"The Chopped Leaf (1041 Wellington Road) - London","4.7","Sandwiches","1041 Wellington Road , Unit 2, London, ON N6E 1W4"
"Chez Leon Breads","New","Desserts","1255 Kilally Rd, London, ON N5Y 0B7"
"Taj-Mahal Restaurant","New","Indian","666 Wonderland Road North
Unit 5a, London, NAMER N6H 4K9"
"On the Run 42357 | 1885 Huron St","New","Everyday Essentials","1885 Huron St., LONDON, ON N5V 3A5"
"Tim Hortons (1384 Wellington Rd)","4.3","Bakery","1384 Wellington Rd S, London, ON N6E 1M3"
"BEEBA BOYZ KITCHEN AND BAR","New","Breakfast and brunch","480 Sovereign Rd, Unit 9, London, ON N6M 1A4"
"The Biryaniwalla (London)","4.6","Indian","1050 Kipps Lane London, On N5y 4s5 Canada,"
"Dairy Queen (720 Proudfoot Lane)","4.7","American","720 Proudfoot Lane, London, ON N6H"
"Shelby's Shawarma (West Five)","4.6","Middle Eastern","1876 Oxford St W, 1876 Oxford St W, London, ON, N6K 0J8, London, ON N6K 0J8"
"Florence Pizza and Shawarma","4.1","Pizza","2259 Dundas Street Unit 3 London, On N5v 0b5,"
"Burger King (1605 Saint-Denis St)","4.3","American","1605 Saint-Denis St, Montreal, QC H2X 3K3"
"Pizza Pizza (St-Laurent Blvd.)","4.2","Pizza","3714 St. Laurent Blvd, Montreal, QC H2X"
"Capitaine Sandwich","4.9","Sandwiches","4050 Rue De Bullion, Montreal, QC H2W"
"Première Moisson (Gare Centrale)","New","Sandwich","895, Rue De La Gauchetière O.,  Suite 90-401,, Montréal, QC, NAMER H3B 4G1"
"Pizzaway","4.7","Pizza","5595 Chemin De La Côte-Des-Neiges, Montreal, QC H3T 1Y8"
"Subway (Metcalfe)","New","American","2029 Rue Metcalfe, Montreal, Quebec H3A 1X7"
"Léché desserts","4.8","Desserts","640 Rue De Courcelle, Montréal, Québec H4C"
"Pizza Pita Kosher MK","4.7","Pizza","5345 Rue Vézina, Montréal, Qc H3X"
"A&W (Concordia)","4.5","Fast food","1540 Boulevard De Maisonneuve Ouest, Montreal, QC H3G"
"Starbucks (Village - Sainte-Catherine Est)","4.8","Coffee & tea","1301 Rue Sainte-Catherine Est, Montréal, QC H2L"
"Super C (2035 R. Atateken)","4.2","Grocery","2035 R. Atateken, Montreal, NAMER H2L 3L9"
"Metro (3575 Avenue Du Parc, Suite 5100 Montréal , Quebec)","4.4","Grocery","3575 Avenue Du Parc, Suite 5100 Montréal , Quebec, Montreal, NAMER H2X 3P9"
"Depanneur Tina Plus","4.8","Convenience","1311 Rue Ontario Est, Montreal, QC H2L 1R8"
"McDonald's (St-Christophe & Ste-Catherine)","4.4","Burgers","850, Rue Sainte-Catherine Est, Montréal, QC H2L 2E2"
"Boulangerie Ange Humaniti","4.5","Breakfast and brunch","345 Avenue Viger Ouest, Montreal, QC H2Z"
"Depanneur mimjim exp","4.7","Conveniência","200 Avenue Des Pins Est, Montreal, QC H2X"
"Adonis (225 Peel St)","4.5","Grocery","225 Peel St, Montreal, NAMER H3C 2G6"
"St-Hubert (Verdun)","4.5","Canadian","4120 Boulevard Lasalle, Verdun, QC H4G 2A5"
"Tommy Cafe (Notre-Dame)","4.5","Breakfast and brunch","200 Rue Notre-Dame Ouest, Montréal, QC H2Y 1T3"
"Sandwicherie SAMING","New","Asian: Other","6595 St Hubert, Montréal, QC H2S"
"Boulangerie Pita & Pizza","4.7","Pizza","8500 Boulevard Lacordaire, Montréal, Quebec H1R"
"Café Dépôt (Centre de commerce mondial)","New","Coffee & tea","383 Rue St Jacques Ouest, Montreal, Quebec H2Y 2N9"
"Le Marquis Signature Santé (Saint- Paul)","New","Healthy","194 Rue Saint-Paul O, Montréal, Qc H2Y"
"Juliette & Chocolat (Saint-Denis)","4.8","Desserts","1615 Rue Saint-Denis, Montréal, Quebec H2X 3K3"
"Cafe et Crepe","4.2","Salad / Sandwiches","374 Rue Sainte-Catherine O, Montreal, Qc H3b1a2, Ca, QC H3A"
"Copper Branch (Stanley)","4.7","Sandwich","1180 Boulevard De Maisonneuve O, Montréal, QC H3A"
"Patisserie Harmonie","4.9","American","85 Rue De La Gauchetière Ouest, Montreal, QC H2Z"
"Dépanneur Royal","4.8","Convenience","2221 Mont-Royal Ave E, Montreal, Quebec H2H 1K5"
"Wendy's (530 Niagara St.)","4.5","Fast food","530 Niagara St, Welland, ON L3C 1L8"
"Walmart (6700 Ch De La Cote-des-neiges)","New","Grocery","6700 Chemin De La Côte-Des-Neiges, Montréal, Québec H3S 2B2"
"TETA'S DOUGH","4.3","Desserts","1190 Rue Mackay, Montreal, QC H3G 2H4"
"District Bagel Kosher","4.8","Salads","709 Chemin Lucerne, Montréal, QC H3R 2G4"
"Julian’s Comptoir Gourmand","4.9","Salad / Sandwiches","111 Avenue Du Mont-Royal O, Montréal, QC H2T 2S9"
"La Belle Province (Sherbrooke Est)","4.5","American","3929 Sherbrooke E, Montréal, QC H1X"
"Boulangerie Ange Masson","4.8","American","3165 Rue Masson, Montréal, QC H1Y 1Y2"
"Jugo Juice (Centre-Eaton)","New","Juice & Smoothies","705 Rue Ste-Catherine Ouest # Z150, Montreal, Quebec H3B 4G5"
"Mr. Puffs (Vieux-Port)","4.5","Desserts","438 Place Jacques-Cartier, B, Montréal, Québec H2Y 3B3"
"B&M (Saint-Viateur)","4.9","Breakfast and brunch","120 Rue Saint Viateur O, Montreal, QC H2T"
"St-Viateur Bagel (Mont-Royal)","4.9","American","1127 Av. Mont-Royal E, Montreal, Quebec H2J"
"Depanneur no.1","4.9","Everyday Essentials","1501 Rue Marie-Anne Est, Montreal, QC H2J 2C7"
"Pizza Planete","4.8","Pizza","1181 Decarie Street, Montreal, Quebec H4L 3M8"
"Ben & Florentine (300, chemin du Golf)","4.7","Breakfast and brunch","300 Chemin Du Golf, Verdun, QC H3E 1A8"
"Au Pain Doré (Rouen)","4.8","Breakfast and brunch","3075 Rue De Rouen, Montréal, QC H1W"
"Arthurs Nosh Bar","4.9","Breakfast and brunch","4621 Notre-Dame St W, Montreal, QC H4C 1S5"
"Freshii (Maisonneuve)","4.2","Bowls","1102 Boulevard De Maisonneuve O, Montréal, QC H3A"
"Les Glaceurs (Vieux-Montréal)","New","American","453 Rue Saint-Sulpice, Montreal, QC H2Y 2V8"
"Little Bear Animalerie","5.0","pet supplies","4152 Saint-Catherine St W, Westmount, NAMER H3Z 1P4"
"Restaurant Laterna","New","Burgers","3997 Rue Wellington, Montreal, QC H4G 1V6"
"Madame Dibou les Gateaux","4.9","Cupcakes","4482 Rue Fabre, Montreal, QC H2J"
"Joe's Panini 24hrs","4.2","Salads","1404 Rue Drummond, Montréal, Québec H3G"
"Cora Déjeuners et Diners (1396 avenue du Mont Royal)","4.6","Breakfast and brunch","1396 Avenue Du Mont Royal, Montreal, QC H2J"
"District Bagel Park Avenue","4.8","Sandwich","5679 Avenue Du Parc, Montréal, QC H2V"
"Le Plezl","New","Kosher","3429 Rue Peel, Montreal, QC H3A 1W7"
"L'Oeufrier (Masson)","4.6","Breakfast and brunch","2876 Rue Masson, Montréal, QC H1Y 1W9"
"La Planète Oeuf","4.7","Breakfast and brunch","2734 Rue Masson, Montréal, QC H1Y"
"Boulangerie de Froment et de Sève","4.7","Sandwiches","2355 Rue Beaubien E, Montréal, QC H2G"
"Chez Nick","4.8","Sandwich","1377 Greene Avenue, Westmount, Quebec H3Z"
"Boulangerie Pâtisserie La Conca d'Oro","4.9","Bakery","2550 Jean Talon St E, Montreal, QC H2A"
"Boulangerie Louise","4.8","Bakery","6835 Boul St-Laurent, Montréal, NAMER H2S"
"L2 BubbleTea (Alexis Nihon)","4.6","Desserts","1500 Avenue Atwater, Montreal, QC H3Z 1X5"
"Pizzeria et Grillades Al-Amine","4.1","Pizza","3549 Avenue Lacombe, Montréal, NAMER H3T"
"Duc de Lorraine","4.5","Breakfast and brunch","5002 Chemin De La Côte-Des-Neiges, Montréal, Qc H3V"
"Café Bénédictins","4.7","Breakfast and brunch","5511 Rue De Verdun, Montréal, QC H4H"
"Au Pain Doré (Côte-des-Neiges)","4.6","Breakfast and brunch","5214 Chemin De La Côte-Des-Neiges, Montréal, QC H3T 1X8"
"Banh Mi Hanoi","4.9","Vietnamese","2499 Jean Talon St E, Montreal, QC H2E 1W3"
"James Perse Côté Cuisine","4.7","Breakfast and brunch","4865 Rue Sherbrooke Ouest, Westmount, Qc H3Z 1G9"
"La Foumagerie","4.5","Salads","4906 Sherbrooke Street West, Montreal, Quebec H3z 1h3, Canada, NAMER H3Y"
"Vegateau","4.9","Dessert: Other","1215 Avenue Du Mont-Royal E, Montreal, QC H2J 1Y2"
"Wendy's (7295 des Galeries d'Anjou)","4.4","Fast food","7295 Des Galeries D'Anjou, QC H1M 2W2"
"Boulangerie de Froment et de Sève (Petite Italie)","4.8","Sandwiches","91 Rue Beaubien Est, Montréal, QC H2S 1R1"
"Felix&Norton Montreal","4.4","Dessert: Other","3905 St Laurent Blvd, Montréal, QC H2W"
"Real Fruit Thé Aux Perles (Montreal Eaton Center)","4.8","Juice & Smoothies","705 Rue Ste-Catherine O, Montreal, QC H3B 4G5"
"B&M (Somerled)","4.7","Greek","6200 Somerled Av, Montreal, Quebec H3X"
"Depanneur Provisoir","4.7","Everyday Essentials","4301 Rue Bannantyne, Montreal, QC H4G 1C9"
"Dagwoods (Westmount)","4.8","American","5041 Rue Sherbrooke O, Montréal, Québec H4A 1S8"
"Kosher Pizza Bar (Boul. Cavendish)","4.3","Pizza","5800 Boul Cavendish, Côte Saint-Luc, QC H4W"
"Forno West (Ave de Courtrai)","4.8","Sicilian","5273 Avenue De Courtrai, Montreal, QC H3W"
"Canard Café","4.8","Breakfast and brunch","4299 Rue Ontario Est, Montréal, QC H1V 1K4"
"Le Marquis Castelnau","4.7","Desserts","367 Rue De Castelnau Est, Montréal, QC H2R 1R1"
"Bernie Beigne","5.0","Pastry","23 Rue Bernard Ouest, Montréal, QC H2T 2J6"
"Boulangerie Chez Fred","5.0","Desserts","5338 Rue Sherbrooke Ouest, Montreal, QC H4A"
"Country Style (Vansickle)","New","American","420 Vansickle Rd St. Catharines, On L2s 0c7 Canada,"
"7-Eleven (6 Crowland Ave @ East Main)","4.2","Wings","6 Crowland Ave @ East Main, Welland, ON L3B"
"Food Basics (325 Thorold Rd)","4.5","Everyday Essentials","325 Thorold Rd W, Welland, ON L3C 3W4"
"A&W (806 Niagara St)","4.3","Fast food","806 Niagara St, Welland, ON L3C 1M3"
"Starbucks (Welland)","4.7","Coffee & tea","897 Niagara Street, Welland, ON L3C"
"McDonald's (Welland-Niagara)","4.5","Burgers","631 Niagara St N, Welland, ON L3C 1L9"
"Burger King (724 Niagara Street)","4.5","American","724 Niagara Street, Welland, ON L3C"
"Dollarama (Northtown Plaza)","New","Toys","325 Thorold Road, Unit 1012, Welland, NAMER L3C 3W4"
"Hasty Market (554 Niagara St.)","New","Snacks","554 Niagara St, Welland, ON L3C 1L8"
"Tim Hortons (2 Tremont Dr)","4.5","Bakery","2 Tremont Dr, St Catharines, ON L2T 3B2"
"Subway (13210 Lundy's Lane)","4.5","American","13210 Lundy'S Lane, Niagara Falls, ON L2E"
"Mary Brown's Chicken (153 Hartzel Rd)","New","American","153 Hartzel Road St. Catharines, On L2p 1n6,"
"Canadian Tire Gas+ (69 Primeway Dr)","New","Everyday Essentials","69 Primeway Drive Welland, On L3b 5n4 Canada,"
"On the Run 42396 | 681 South Pelham Rd","New","Everyday Essentials","681 South Pelham Rd., WELLAND, ON L3C 3C9"
"Sunset Grill (130 Highway 20 E)","5.0","Breakfast and brunch","130 Highway 20 East, Fonthill, ON L0S"
"Stacked Pancake & Breakfast House (Welland)","4.7","Breakfast and brunch","844 Niagara Street, Unit F , Welland, ON L3C"
"Eggsmart (Carlton & QEW)","4.5","Breakfast and brunch","260 Geneva St, St Catharines, Ontario L2N 2G1"
"Bubble T & Dessert","3.9","Bubble tea","122 St Paul St E, St Catharines, ON L2R 3M2"
"IHOP (7514 Lundy'S Lane)","4.1","American","7514 Lundy'S Lane, Niagara Falls, ON L2H 1G8"
"Pür & Simple (St. Catharines)","4.5","Breakfast and brunch","290 Glendale Ave, Unit #4, St. Catharines, ON L2T 2L3"
"Donut Diner","4.7","Breakfast and brunch","947 Niagara St, Unit#2, Welland, Ontario L3C 1M5"
"Domenic's On 20","4.5","Comfort food","219 Highway 20, Fonthill, ON L0S 1E6"
"Grazi Cafe","New","Breakfast and brunch","436 Vansickle Rd, St. Catharines, Ontario L2S 0A4"
"Shell  (3250 Schmon Parkway.)","4.3","Convenience","3250 Schmon Parkway., Thorold, Ontario L2V 4Y6"
"Williams Fresh Cafe (Dorchester)","4.6","Sandwich","4025 Dorchester Rd #245, Niagara Falls, ON L2E"
"Big bee convenience and food mart","3.7","Canadian","66 Geneva St, St Catharines, ON L2R 4M7"
"Early Bird Restaurant","4.3","Breakfast and brunch","2 Merritt Street, St. Catharines, NAMER L2T 1J3"
"Cinnabon (Vansickle)","New","Bakery","420 Vansickle Rd, St. Catharines, ON L2S 0C7"
"Monster Cupcakes (Vansickle)","New","Desserts","420 Vansickle Rd, St. Catharines, ON L2S 0C7"
"Amaya Indian Street Food (Vansickle)","New","Indian","420 Vansickle Rd, St. Catharines, ON L2S 0C7"
"Cora Déjeuners et Diners  (St. Catharines)","4.3","Breakfast and brunch","210 Glendale Avenue B3, Saint Catharine'S, ON L2T 3Y6"
"Petro-Canada (7950 McLeod Road)","New","Everyday Essentials","7950 Mcleod Road, Niagara Falls, ON L2E"
"Ghost Kitchen Brands (Vansickle)","New","Desserts","420 Vansickle Rd, St. Catharines, ON L2S 0C7"
"Crepe Delicious (Vansickle)","New","Desserts","420 Vansickle Road, St. Catharines, ON L2S 0C7"
"Quiznos (Vansickle)","New","Sandwiches","420 Vansickle Rd, St Catharines, ON L2S 0C7"
"CoCo Fresh Tea & Juice (St. Catharines)","4.9","Bubble tea","B7-344 Glendale Avenue, St. Catharines, ON L2T 4E3"
"Filmy Tadka","3.7","Indian","8674 Lundy'S Lane, Niagara Falls, NAMER L2H 1H4"
"East Izakaya (King St)","4.7","Japanese","129 King St, St Catharines, Ontario L2R"
"WIND Japanese and Thai (King St.)","4.8","Sushi","131 King Street, St. Catharines, ON L2R"
"Rollzup ice cream","4.8","Ice Cream & Frozen Yogurt","7572 Lundy'S Ln, Niagara Falls, ON L2H"
"Pho Ngon","4.7","Vietnamese","55 Saint Paul Street West, Saint Catharine'S, ON L2S 2C4"
"sushi paradise","4.6","Sushi","210 Glendale Ave, B1a, St. Catharines, On L2T"
"Pizza Pizza (Lake St. and Nihan Dr.)","4.7","Pizza","367 Lake St, 2, St. Catharines, ON L2N"
"MA Chinese Cuisine","4.5","Asian","123 Geneva Street, St. Catharines, ON L2R 4N3"
"Passage to India Restaurant","4.4","Indian","5546 Robinson St, Niagara Falls, ON L2G"
"Volcano Pizzeria","4.5","Pizza","256 East Main Street Welland, On L3b 3w9,"
"Three Uncles Korean Chicken (Glenridge)","4.4","Korean","198 Glenridge Avenue, Saint Catharines, ON L2T"
"BIG TUNA ASIAN CUISINE","4.5","Asian Fusion","350 Ontario St, 101, St. Catharines, ON L2R"
"KF Tea (Welland)","4.8","Asian","30 Rice Road #Unit 9, Welland, ON L3C 5Y6"
"KFC (295 4th ave West)","4.7","American","295 4th Ave West, St. Catharines, ON L2R 6P9"
"Pie Guys Pizzeria(130 Highway)","New","Pizza","130 Highway #20 East Fonthill, On L0s 1e6 Canada,"
"Wings Block","4.5","Wings","515 King St, Welland, ON L3B 3K4"
"The Fry","4.8","Korean","6530 Lundy'S Lane, Niagara Falls, ON L2G 1T6"
"Landmark Cinemas (St. Catharines)","4.2","American","221 Glendale Ave, St. Catharines, ON L2T 2K9"
"Church's Texas Chicken (5846 Drummond Road)","4.4","Comfort food","5846 Drummond Road, Niagara Falls, ON L2G 4L5"
"Swiss Chalet (Geneva St)","4.5","Burgers","285 Geneva St, St. Catharines, ON L2N"
"Lee's home taste Braised  Chicken（老李黄焖鸡）","4.5","Chinese","100 Fourth Ave #7, St. Catharines, ON L2S 3Z5"
"Little Caesars (Lincoln Street)","4.6","Pizza","300 Lincoln Street, Unit 12, Welland, ON L3B"
"Lester D's Reel Diner","4.4","Burgers","144 Hartzel Rd, St. Catharines, On L2P 1N8"
"Fat Cat's Pizza Inc","4.5","Italian","106 Rockwood Ave, St. Catharines, Ontario L2P"
"City South Pizza (Niagara)","4.2","Pizza","7939 Lundy'S Lane, Niagara Falls, ON L2H 1H3"
"Hewad Kabab & Shawarma","4.6","Afghan","55 St Paul St, St. Catharines, On L2R 3M3"
"Jack Astor's (400 Ontario St.)","4.3","Burgers","400 Ontario St., St. Catharines, ON L2R"
"Gino's Pizza (Glenridge Ave)","4.6","Pizza","224 Glenridge Ave, St Catharines, ON L2T 3J8"
"Culinary Dropout Fonthill","4.6","American","200 Highway 20 East  #6, Pelham, ON L0S"
"Bamboo Restaurant","4.3","chinese","641 King St, Welland, ON L3B 3L5"
"Magnolia Chinese Cuisine","4.3","Chinese","7666 Lundy'S Lane, Niagara Falls, ON L2H 1H1"
"Asia Fusion","4.3","Asian fusion","248 Wellington Street, Welland, ON L3B 1B5"
"Rangla Punjab Indian Restaurant","3.9","Indian","5550 Ferry St, Niagara Falls, ON L2G 1S4"
"Pete's Pizza","4.4","Pizza","4914 Victoria Ave, Niagara Falls, ON L2E 4C6"
"Hijabeez Shawarma & Falafel House","4.8","Mediterranean","6850 Thorold Stone Road Unit 5, Niagara Falls, NAMER L2J 1B4"
"Twice the Deal (30 Rice Road)","4.5","Italian","30 Rice Rd, Welland, Ontario L3C 2V4"
"Green Island Chinese Resturant and Bar","4.4","Chinese","8278 Regional Rd 57, Niagara Falls, ON L2H"
"Hot Kitchen","4.3","Indian","491 Merritt St, St Catharines, ON L2P"
"Firehouse Subs (Niagara Falls)","4.7","Sandwich","6758 Lundy'S Ln, Unit 6, Niagara Falls, ON L2G"
"The Pizzeria","4.2","Pizza","6175 Dunn St, Niagara Falls, NAMER L2G 2P4"
"Fresh Burrito (5932 Victoria Ave)","4.4","Mexican","5932 Victoria Avenue, Unit 6, Niagara Falls, ON L2G"
"Smoke's Poutinerie (St Paul & James)","4.6","Fast food","10 Summer St, St. Catharine'S, ON L2R"
"Volcanos Pizzeria (Fonthill)","New","Pizza","1409 Pelham St, ON L0S"
"Subito Sandwich","4.8","Sandwich","389 Gladstone Ave, Ottawa, ON K2P 0Y9"
"Burger King #12882 (199 Montreal Road)","4.6","American","199 Montreal Road, Vanier, ON K1L"
"Pizza Pizza (673 West Somerset Street)","4.7","Chicken Strips","673 West Somerset Street, Ottawa, ON K1R"
"McDonald's (Elgin St)","4.5","Fast food","252 Elgin St, Ottawa, ON K2P"
"SAFI FINE FOODS INC","4.9","Halal","296 Somerset Street East, Ottawa, ON K1N 6W1"
"Starbucks (Kent & Albert)","4.9","Bakery","340 Albert Street, Ottawa, ON K1R 7Y6"
"A&W (155 Queen Street)","4.4","Fast food","155 Queen Street, Ottawa, ON K1P"
"Harvey's (Bronson & Arlington)","4.7","Burgers","564 Bronson Ave, Ottawa, ON K1R 6K3"
"Lusa Bakery","4.8","Modern European","1111 Wellington Street West Ottawa, On K1Y 2Y6"
"Aladdin Bakery (St Laurent & Donald)","4.9","Bakery","1020 St Laurent Blvd, Unit 7, Ottawa, ON K1K 4S2"
"La Fiesta Latina","4.6","Mexican","565 Somerset St W, Ottawa, On K1r, Canada, K1R 5K1"
"Kettlemans Bagel (Bank)","4.7","Sandwich","912 Bank St, Ottawa, On K1s 3w6, Canada, ACTIVE K1S 3W6"
"New King Shawarma Plus","4.8","Middle Eastern","205 Bank St, Ottawa, ON K2P"
"Zesty Market (280 Elgin St)","4.5","Convenience","280 Elgin St, Ottawa, ON K2P 1M2"
"Breakfast by Gabriel's","4.6","Pizza","100 Metcalfe Street, Ottawa, ON K1P"
"Pho Bo Ga King (Somerset)","4.5","Thai","778 Somerset St W, Ottawa, ON K1R"
"Prince Ali Bakery","4.9","Middle Eastern","1600 Walkley Rd, Ottawa, ON k1v6p5"
"Thai Express (50 Rideau Street, Unit FC006)","4.7","Thai","50 Rideau Street , Unit FC006, Ottawa, ON K1N"
"Egg Pops Cafe and Grill","4.6","Breakfast and brunch","358 Rideau Street Ottawa, On K1n 5y6 Canada,"
"GoForSushi","4.6","Japanese: Sushi","344 Slater St, Ottawa, ON K1R"
"Sherwood Market & Deli","4.9","Sandwiches","111 Sherwood Drive, Ottawa, ON K1Y"
"Lollo Salads","4.9","Salads","60 George St, Ottawa, ON K1N"
"Tealive","4.7","Bubble tea","675 Somerset St W, Ottawa, ON K1R 6P3"
"Accacia Fine Pastries & Desserts","4.6","Desserts","1020 St Laurent Blvd, Ottawa, On K1k 4s2, Canada, Unit 12, K1K 3B4"
"Some Coffee & Some Tea","4.7","American","300 Laurier Avenue West, Ottawa, ON K1A 1J2"
"Cora Breakfast and Lunch  (179 Rideau Street)","4.5","Breakfast and brunch","179 Rideau Street, Ottawa, ON K1N"
"Dollarama (255 Elgin St)","4.6","Toys","255 Elgin St, Ottawa, NAMER K2P 1L8"
"Oat Couture Oatmeal Cafe","4.8","Healthy","750 Gladstone Avenue, Ottawa, ON K1R 6X5"
"MEDITERRANEAN BAKERY AND PIZZA","4.5","American","2698 Alta Vista Drive, Ottawa, ON K1V"
"Sunset Grill (100 Marche Way)","4.4","Breakfast and brunch","100 Marche Way, Ottawa, ON K1S 5J3"
"Subway (Montreal Rd)","4.7","Sandwich","161 Montreal Rd, Ottawa, ON K1L 6E4"
"Booster Juice (344 Slater Street)","New","Healthy","344 Slater St Unit 22a, Ottawa, NAMER K1R 7Y3"
"Tim Hortons (100 Metcalfe Street)","4.6","Cafe","100 Metcalfe Street, Ottawa, NAMER K1P 0A7"
"Farhat’s Bakery","4.7","Desserts","1119 Meadowlands Dr E, Ottawa, ON K2E 6J5"
"Reynolds Restaurant","4.8","Deli","874 Clyde Ave, Ottawa, ON K1Z"
"John Juan Burrito","4.7","Mexican","1091 St Laurent Blvd, 2, Ottawa, ON K1K 3B1"
"Strawberry Blonde Bakery (Wellington)","4.7","Bakery","111 Richmond Rd, Ottawa, On K1Z"
"Geenie Bakery","4.8","Halal","209 Glen Park Dr, Ottawa, ON K1B 5B8"
"Cadmans Montreal Bagels ((Mtl rd & Vanier Pkwy)","4.7","Canadian","150 Montreal Road, Vanier, ON K1L 8H2"
"Bridgehead Coffee (224 Dalhousie St)","4.8","Coffee & tea","224 Dalhousie Street, Ottawa, ON K1N 5H7"
"Little Caesars (355 Montreal Rd.)","4.3","Pizza","355 Montreal Road, Vanier, ON K1L"
"Juice Dudez","4.7","Juice & Smoothies","A-91 Richmond Rd, Ottawa, ON K1Z"
"Drip House (Breakfast)","4.9","Coffee & tea","121 Parkdale Avenue, Ottawa, NAMER K1Y 1E6"
"Roberto's Corner","4.9","Italian","1034 Pleasant Park Rd, Ottawa, ON K1G 2A1"
"Wellington Diner","4.7","Burgers","1385 Wellington St W, Ottawa, ON K1Y 2X1"
"Edo Japan -  College Square","4.7","Asian","1379 Woodroffe Ave, Nepean, ON K2G"
"Cinnaholic (Ottawa)","4.7","Desserts","900 Exhibition Way, 102, Ottawa, ON K1S"
"Sweet Castle","4.4","Desserts","2446 Bank St, Ottawa, ON K1T"
"Drip House","4.5","Breakfast and brunch","340 Parkdale Ave B, Ottawa, ON K1Y"
"Punjabi Canteen","4.5","Indian","1234 Merivale Rd, Ottawa, ON K2C 4C3"
"E. T. Cafe","4.9","Breakfast and brunch","1355 Bank St, Ottawa, ON K1H"
"Figaro Coffee House","4.9","Breakfast and brunch","650 Industrial Ave, Ottawa, ON K1G 5A5"
"Ali Baba Bakery","4.8","Middle Eastern","200 Vanguard Dr, 7, Ottawa, Ontario K4A"
"Broadway Bar & Grill (Innes)","4.7","Burgers","1486 Innes Rd, Ottawa, Ontario K1B"
"Hasty Market (158 McArthur Ave)","New","Convenience","158 Mcarthur Ave, Ottawa, NAMER K1L 7E7"
"Metro (50 Beechwood Ave)","4.7","Grocery","50 Beechwood Ave, Ottawa, NAMER K1L 8B3"
"Barburrito (Hunt Club)","4.5","Mexican","280 W Hunt Club Rd, Ottawa, ON K2E 1A5"
"Mr. Puffs (Lansdowne)","4.6","Pastry","200 Marché Way, 109, Ottawa, ON K1S 5J3"
"Club House - Ottawa","4.6","Sandwich","874 Clyde Avenue North, Ottawa, ON K2A"
"The Cake Shop INC","4.8","Desserts","1200 Wellington St W C, Ottawa, Ontario K1Y"
"Walmart (2277 Riverside Dr.)","New","Grocery","2277 Riverside Dr, Ottawa, ON K1H 7X6"
"Ottawa South Groceteria","4.6","Convenience","431 Sunnyside Avenue, Ottawa, ON K1S"
"Cadmans Montreal Bagels","4.5","Canadian","2177 Carling Ave, Ottawa, ON K2A 3V6"
"STACKED Smoked meat","4.6","Breakfast & Brunch","2679 Bank St, Gloucester, ON K1T"
"SemSem ( bank st.)","4.8","Middle Eastern","2430 Bank Street, Ottawa, NAMER K1V 0T7"
"Broadway Bar & Grill (Orleans)","4.6","Bar food","1615 Orleans Blvd, ON K1C 7E2"
"PetSmart (Ottawa Herongate)","4.9","Pet supplies","1600 Heron Road  Unit 1, Ottawa, NAMER K1V 2P5"
"Broadway Bar & Grill (Riverside South)","4.7","Burgers","665 Earl Armstrong Road, Gloucester, ON K1V"
"Desi Tadka food","4.5","Indian","2006 Robertson Road, Unit 10 Nepean, On K2H"
"Canadian Tire Gas+ (Heron/Bank)","4.6","Snacks","1176 Heron Rd., Ottawa, ON K1V 6B2"
"Cinnabon St Laurent","4.5","Bakery","1200 St Laurent Blvd, Ottawa, ON K1K 3B8"
"Sweetdaddy","4.6","Convenience","654 Montreal Road, Ottawa, ON K1K 0T3"
"New York Fries (Billings Bridge Plaza)","4.5","American","2277 Riverside Drive , Unit 219, Ottawa, ON K1H"
"Quelque Chose Macaron Boutique","4.6","Desserts","379 Richmond Road, Ottawa, ON K2A"
"Food Basics (1021 Cyrville Road)","4.5","Everyday Essentials","1021 Cyrville Road, Ottawa, NAMER K1J 7S3"
"Second Cup (St Laurent Shopping Mall)","New","Bakery","1200 St. Laurent Blvd., K7, Ottawa, ON K1K 3B8"
"The Baker","4.9","American","3570 Strandherd Dr, Nepean, 12, Ottawa, ON K2J 5L4"
"Adonis (1055 St. Laurent Blvd)","4.2","Grocery","1055 Boulevard St Laurent, Ottawa, ON K1K 3B1"
"The Cupcake Lounge (Westboro)","4.9","Desserts","324 Richmond Rd, Ottawa, ON K1Z 6X6"
"Maverick's Donut Company (Westboro)","New","American","307a Richmond Road, Ottawa, ON K1Z"
"7-Eleven (710 W 6th Ave)","4.7","Bakery","710 W 6th Ave, Vancouver, BC V5Z"
"Subway (Granville)","4.6","American","1255 Granville Street, Vancouver, BC V6B"
"Kingsway BBQ house 宽窄巷子","4.3","Chinese","3488 Kingsway, Vancouver, Bc V5R"
"Freshslice Pizza (6374 Fraser Street)","4.5","wings","6374 Fraser St, Vancouver, BC V5W 3A4"
"McDonald's (Main & 29th)","4.8","Burgers","4445 Main St, Vancouver, British Columbia V5V"
"One-Stop-Shop","4.0","Everyday essentials","780 Nelson Street, Vancouver, BC V6Z"
"Davie Dosa Company","4.5","South Indian","1235 Davie St, Vancouver, BC V6E 1N4"
"Blenz Coffee (700 Davie St)","3.7","Coffee & tea","700 Davie St, Vancouver, BC V6Z 1B6"
"Starbucks (East 2nd & Quebec)","4.8","Bakery","1777 Quebec Street, Vancouver, BC V5T 0E7"
"A&W (467 West Broadway)","4.7","Fast food","467 West Broadway, Vancouver, BC V5Y 1R4"
"Body Energy Club (Coal Harbour)","4.7","Juice & Smoothies","1198 West Pender Street, Vancouver, BC V6E"
"Breka Bakery & Café (Davie)","4.9","Desserts","855 Davie St, Vancouver, BC V6Z"
"Dhaliwal Sweet & Restaurant","4.3","Indian","6555 Fraser St, Vancouver, BC V5X"
"Tim Hortons (195 Terminal Avenue )","4.1","Bakery","195 Terminal Avenue, Vancouver, BC V6A 4C4"
"Biryaniwalla (Vancouver)","4.1","Indian","6560 Main Street Vancouver, Bc V5x 3g9 Canada,"
"Cineplex Cinemas - The Park Theatre","4.9","Fast food","3440 Cambie Street, Vancouver, BC V5Z 2W8"
"True Confections (Denman & Haro)","4.8","Desserts","866 Denman St, Vancouver, BC V6G 2L8"
"Booster Juice (Commercial Drive)","4.5","Juice & Smoothies","2430 Commercial Drive, Vancouver, BC V5N 4B9"
"Sharetea (Cambie)","4.8","Asian","2828 Cambie St, Vancouver, Bc V5Y"
"Pizzeria Farina","4.8","Pizza","915 Main St, Vancouver, BC V6A 2V8"
"Winter Bear","4.7","Desserts","907 Denman Street, Vancouver, BC V6G 2L9"
"小黑糖 Baroness (780 Denman)","4.6","Asian","780 Denman Street, Vancouver, NAMER V6G 1C9"
"JAPADOG (McArthur Glen Outlet Mall)","New","American","Mcarthur Glen Outlet Mall 7899 Templeton Station Road, 1201, Richmond, BC V7B"
"Meet Fresh 鲜芋仙 (Robson St)","4.8","Desserts","1232 Robson St, Vancouver, BC V6E"
"Sharetea (Kingsway)","4.8","Bubble tea","3619 Kingsway, Vancouver, BC V5R 5M1"
"Hey! I am Yogost (W Boulevard)","4.8","Healthy","5631 West Boulevard, Vancouver, BC V6M 3W7"
"Pizzeria Grano","4.7","Pizza","3240 Main Street, Vancouver, NAMER V5V 3M5"
"Yum Sweet Shop","4.9","Bakery","4150 Main St, Vancouver, BC V5V 3P7"
"Zab Zaab Thai Cuisine","4.9","Thai","1211 Hamilton St, Vancouver, BC V6B 6K3"
"Sun Bo Kong Vegetarian Restaurant 新宝光素食","4.6","Chinese","1363 Kingsway, Vancouver, BC V5V"
"Momo Sushi Gastown","4.9","Sushi","375 Water St #6, Vancouver, Greater Vancouver V6B"
"Sushigo","4.5","Sushi","570 Bute St, Vancouver, Bc V6E"
"The Bubble Tea Shop (Olympic Village)","4.7","Bubble tea","1764 Manitoba Street, Vancouver, BC V5Y"
"Virtuous Pie (Main St)","4.8","Ice Cream & Frozen Yogurt","583 Main Street, Vancouver, BC V6A"
"Sunflower Bubble Tea","4.8","Asian","5125 Joyce St, Vancouver, BC V5R"
"Simply sushi bar","4.8","Sushi","3309 West Broadway, 温哥华, BC V6R 2B1"
"The First Dessert","4.5","Asian Fusion","5857 Victoria Dr, Vancouver, BC V5P"
"GotLot Tea Metro","4.7","Desserts","5021 Kingsway, Burnaby, BC V5H 4A5"
"Burrata Pizzeria","4.9","Pizza","2104 W 41st Ave, Vancouver, BC V6M"
"Milk & Sugar Cafe","4.7","Asian","3365 Kingsway, Vancouver, BC V5R"
"Pho Central Vietnamese Restaurant","4.9","Vietnamese","1161 Davie Street, Vancouver, NAMER V6E 1N2"
"Sushi Bros","4.8","Sushi","380 Robson St, Vancouver, BC V6B"
"Dolce Amore","4.9","Ice Cream & Frozen Yogurt","1588 Commercial Dr, Vancouver, BC V5L 3Y2"
"Pho Japolo (Kitsilano)","5.0","Vietnamese","2807 Broadway W, Vancouver, Greater Vancouver V6K 2G6"
"Naruto Sushi","4.8","Sushi","2763 Commercial Dr, Vancouver, British Columbia V5N 4C5"
"Neptune Chinese Kitchen-Wesbrook","4.7","Chinese","3337 Shrum Lane, Vancouver, BC V6S"
"Indian Delicacy","4.7","Indian","1130 W Pender St, 105, Vancouver, BC V6E"
"The Juice Truck (Main St)","4.8","Juice & Smoothies","4236 Main St, Vancouver, BC V5V 2H1"
"Damso (Denman)","4.8","Korean","867 Denman St, Vancouver, BC V6G 2L9"
"Tom Sushi","4.9","Sushi","1175 Davie St, Vancouver, BC V6E"
"Cupcakes at Metrotown","4.5","Desserts","4700 Kingsway , Unit # 1136A, Burnaby, BC V5H"
"101 BOBA 50嵐 (Capstan Way)","4.9","Asian","8338 Capstan Way #1228, Richmond, BC V6X"
"MIKU Vancouver","4.7","Sushi","200 Granville St # 70, Vancouver, Bc V6c 1s4, Canada, V6B"
"Body Energy Club (Downtown Vancouver)","4.5","Healthy","746 Davie Street, Vancouver, Ca, V6z 2m9,"
"Dinesty Dumpling House (Burnaby)","4.7","Chinese","4501 Kingsway #104, Burnaby, BC V5H"
"Ba Le Banh Mi","4.7","Sandwiches","701 Kingsway, Vancouver, British Columbia V5T"
"Tea Drop Cafe","New","Bubble tea","1020 Howe St, Vancouver, BC V6Z 1P5"
"Harambe Restaurant","4.6","African","2149 Commercial Drive, Vancouver, BC V5N 4B3"
"Tap & Barrel (Shipyards)","4.6","Burgers","8 Lonsdale Ave, North Vancouver, Bc V7L"
"Barcelos Flame Grilled Chicken","4.8","Chicken","2120 Dollarton Hwy, 119, North Vancouver, British Columbia V7H"
"Hanlin Tea House 翰林茶棧","New","Chinese","8328 Capstan Way #1121, Richmond, BC V6X 4B6"
"BT Cafe 大拇指餐廳","New","Chinese","920 Kingsway, Vancouver, BC V5V 3C4"
"Sushi Ville","4.6","Japanese","2068 Commercial Drive, Vancouver, BC V5N 1L4"
"Uma Sushi","4.9","Sushi","450 W 8th Ave, Vancouver, BC V5Y"
"Castella Cheesecake","4.7","Desserts","1190 Robson St, Vancouver, BC V6E 1Y4"
"Ginger Sushi","4.7","Japanese","1437 Commercial Drive, Vancouver, BC V5L 3X8"
"Star 6 Indian Cuisine","4.3","Indian","4611 Number 6 Road #170, Richmond, NAMER V6V 2L3"
"Reggiano's Pizza","4.7","Pizza","2828 West 4th Avenue, Vancouver, NAMER V6K 1R2"
"Tacofino Kitsilano","4.8","Mexican","1909 W 4th Ave, Vancouver, BC V6J 1M7"
"ChongQing Restaurant (Commercial Dr)","4.6","Chinese","2808 Commercial Dr, Vancouver, BC V5N"
"Delicious Pho (Robson)","4.7","Vietnamese","255 Robson St., Vancouver, BC V6B 0E7"
"Truedan (Jenjudan) 珍煮丹 - Kingsway Burnaby","4.9","Desserts","4925 Kingsway, Burnaby, BC V5H 2E5"
"Bubble World (Vancouver - Robson)","4.7","Asian","1325 Robson St, Vancouver, BC V6E"
"COBS bread - Commercial Drive","4.7","PIzza","1748 Commercial Drive, , Vancouver, BC V5N 4A3"
"Pizzeria Ludica Vancouver","4.5","Pizza","189 Keefer Place, Vancouver, BC V6B"
"Modern Handi Indian Cuisine","4.7","Indian","827 Denman St, Vancouver, BC V6G"
"Beeryani Indian Bistro and Bar","4.7","Indian","1184 Denman St 202, Unit 202, Vancouver, BC V6G 2M9"
"Trees Organic Coffee (Burrard)","4.6","Coffee & tea","930 Burrard St, Vancouver, BC V6Z 3G5"
"Shizenya Restaurant on Broadway","4.9","Japanese","1333 W Broadway, Vancouver, BC V6H"
"Baba Sweets & Restaurant - Burnaby","4.6","Indian","7561 6th St, Burnaby, BC V3N 3M4"
"7-Eleven (813 Douglas St)","4.7","Wings","813 Douglas St, Victoria, BC V8W 2B9"
"McDonald's (Victoria-H)","4.4","Burgers","102 1581 Hillside Avenue, VICTORIA, BC V8T 2C1"
"On the Run 43050 | 704 Goldstream Ave","New","Everyday Essentials","704 Goldstream Avenue, Langford, BC V9B 2X3"
"Shell (3393 Douglas St)","New","Everyday Essentials","3393 Douglas Street, Victoria, British Columbia V8X"
"Capones Chicken","New","Healthy","749 View St, Victoria, BC V8W 1J9"
"Petro-Canada (3951 Shelbourne Street)","New","Everyday Essentials","3951 Shelbourne Street, Victoria, BC V8N"
"Fresh Tandoori Flavour Indian Bistro Sidney","New","Indian","2395 Beacon Avenue, Sidney, NAMER V8L"
"Starbucks (Fort & Foul Bay)","5.0","Bakery","1959 Fort Street, Victoria, BC V8R 1K4"
"Ohana Sushi","4.8","Japanese","513 Fisgard Street, Victoria, BC V8W 1R4"
"SHAKE IT Bubble Tea & Fresh Juice","4.8","Asian","3500 Uptown Boulevard, 101, Victoria, BC V8Z 0B9"
"Dairy Queen (2205 Sooke Road)","4.7","American","2205 Sooke Road, Victoria, BC V9B 1W8"
"Local Pizza - Victoria","5.0","Pizza","1644 Hillside Ave, Victoria, BC V8T 2C5"
"Snowy Village Victoria","4.3","Desserts","4071 Shelbourne St #2a, Victoria, BC V8N 5Y1"
"Pho Tru (Blanshard St)","4.7","Vietnamese","1012 Blanshard St, Victoria, BC V8T 2M1"
"Rise and Grind","4.8","Sandwich","1294 Broad St, Victoria, BC V8W"
"The Poke Lounge","4.9","Japanese","866 Yates St, Victoria, BC V8W 1L8"
"White Spot (Langford)","4.6","American","941 Langford Parkway, Victoria, BC V9B 0A5"
"Ooh La La Cupcakes (1391A Hillside Ave)","4.8","Cupcakes","1391a Hillside Ave, Victoria, BC V8T 2B3"
"Freshii (1000 Douglas St)","4.7","Bowls","1000 Douglas St, Victoria, BC V8W 1C9"
"Bobadog","5.0","Asian fusion","1108 Blanshard Street, Victoria, BC V8W 2H6"
"Chocolats Favoris (Victoria)","4.7","Desserts","1010 Government St, Victoria, BC V8W"
"Purple Garden Chinese Restaurant","4.5","Chicken","1551 Cedar Hill Cross Rd, Victoria, NAMER V8P 2P2"
"Morning People Food Truck","4.8","American","325 Cook St, Victoria, BC V8V 3X5"
"Little Sweety Cakes Studio","4.4","Bakery","732 Broughton Street, Victoria, BC V8W 1E1"
"Baan Thai (Oak Bay)","4.7","Thai","104 - 2000 Cadboro Bay Road, Victoria, NAMER V8R 5G5"
"Cascadia Liquor Store","5.0","Alcohol","3671 Uptown Blvd, 101, Saanich, BC V8Z 0B9"
"Leopold's Tavern (Victoria)","4.6","American","570 Yates Street, Victoria, BC V8W 1K8"
"SH91 Tea (Partea)","New","Asian","1026 Blanshard Street, Victoria, BC V8W 2H5"
"SH91 Dessert","New","Chinese","759 Yates St, Victoria, BC V8V 3M2"
"Masala Mantra","New","Indian","3480 Tillicum Road, Victoria, BC V8Z 4H3"
"Phonomenal Vietnamese Cafe","4.5","Vietnamese","3749 Shelbourne Street, Victoria, BC V8P"
"Blue Nile African Restaurant","5.0","African","612 Head Street #3, Victoria, BC V9A 5S8"
"Nautical Nellies Steak & Seafood House","4.8","Steak","1001 Wharf St, Victoria, BC V8W 1T6"
"Szechuan Restaurant","4.3","Chinese","853 Caledonia Ave, Victoria, BC V8T 4B9"
"Golden City Restaurant","3.9","Chinese","721 Fisgard Street, Victoria, BC V8W 0B8"
"Bird Liquor Store","4.9","Alcohol","4291 Glanford Ave, Victoria, BC V8Z 4B9"
"Red Robin (800 Tolmie Ave)","4.4","Burgers","800 Tolmie Ave, Victoria, Bc V8X 3W4"
"Curry Club","4.7","Indian","980 Blanshard Street, Victoria, BC V8W"
"NAMASTE INDIAN CUISINE","4.4","Indian","2950 Douglas Street, 280, Victoria, BC V8T"
"Turmeric Indian Cuisine","4.5","Indian","777 Goldstream Avenue, Victoria, NAMER V9B"
"Pagliacci’s","4.5","Pasta","1011 Broad Street, Victoria, BC V8W 2A1"
"Varsha Indian Kitchen","4.7","Indian","1600 Government Street, Victoria, BC V8W"
"Flourish BeauTea","New","Coffee & tea","667 Fort St, Victoria, BC V8W"
"Xing Fu Tang 幸福堂 (Victoria)","4.5","Asian","608 Broughton St, Victoria, Bc V8W"
"Yates Coffee Bar","4.6","Vegan","733 Yates St, Victoria, NAMER V8W 1L6"
"Noodle Box (Uptown Blvd)","4.1","Asian fusion","3500 Uptown Blvd, Saanich, BC V8Z 0B9"
"Il Greco Restaurant","4.7","Pizza","2900 Tillicum Road, Victoria, BC V9A 2A5"
"New York Fries (Mayfair Shopping Centre)","4.2","American","Fc#5 3147 Douglas Street, Victoria, BC V8T"
"Little Caesars (Hillside Avenue)","4.5","Pizza","1625 Hillside Avenue, VICTORIA, BC V8T 2C3"
"Cascadia Liquor - Quadra","4.9","Alcohol","2670 Fifth St, Victoria, BC V8T 5A8"
"Famoso Neapolitan Pizzeria (Market Square)","4.7","Pizza","128-560 Johnson Street, Victoria, BC V8W"
"Fork'n Pork","4.5","Comfort food","1221 Wharf St, Victoria, BC V8W"
"Menbow Ramen Bar","4.6","Ramen","1018 Blanshard Street, Victoria, British Columbia V8W 2H5"
"Ono Poké","4.7","Asian","3531 Uptown Blvd, 101, Saanich, BC V8Z 0B9"
"The Tikka Bar","3.1","Indian","762 Broughton St, Victoria, BC V8W 1E4"
"Montana's (Victoria)","4.4","BBQ","315 Burnside Rd W, Victoria, BC V9A"
"Dragon Roll Sushi Market","4.6","Asian","4596 West Saanich Road, Victoria, NAMER V8Z"
"Island Poke","4.8","Seafood","1674 Douglas St, Victoria, BC V8W 2G6"
"Brickyard Pizza","4.6","Pizza","784 Yates St, Victoria, Bc V8W"
"Cora Breakfast & Lunch (850 Douglas Street)","New","American","850 Douglas Street Victoria, Bc V8v 2b6 Canada,"
"Fresh Tandoori Flavour Indian Bistro Oak Bay","New","Indian","1951 Oak Bay Avenue, Victoria, BC V8S"
"Momi Noodle House","New","Chinese","554 Pandora Avenue, Victoria, BC V8W 1N7"
"Omakase","New","Japanese","990 Blanshard St, Victoria, BC V8W"
"The Joint Pizzeria","4.5","Pizza","1219 Wharf St, Victoria, BC V8W 1T9"
"Pho Wisdom","4.5","Vietnamese","915 Fort St #102, Victoria, BC V8V"
"Beijing Bistro","4.6","Chinese","769 Fort Street, Victoria, BC V8W"
"Local Pizza","4.3","Pizza","1483 Douglas Street, #105, Victoria, NAMER V8W 3K4"
"Fonbo Restaurant","4.3","Chinese","4458 West Saanich Rd, Victoria, NAMER V8Z 3E9"
"Sarpino's Pizzeria (Downtown Victoria)","4.8","Pizza","1122 Blanshard Street, Victoria, BC V8W"
"Bon Macaron Patisserie - Victoria","New","American","1012 Broad St, Victoria, NAMER V8W 2A1"
"Goodview Family Restaurant","4.2","Chinese","310 Wale Rd, Victoria, NAMER V9B"
"erito sushi","4.6","Sushi","3531 Uptown Boulevard, Victoria, BC V8Z 0B9"
"Tractor Foods (Victoria)","4.6","Salads","805 Government Street, Victoria, BC V8W"
"Five Spice Indian Cuisine","New","Indian","3431 Happy Valley Road, Victoria, BC V9C"
"Hecklers Bar & Grill","4.6","Wings","123 Gorge Rd E, Victoria, BC V9A 1L1"
"Delicious Pizza & Pasta","4.7","Pizza","3388 Douglas Street #6,, Victoria, NAMER V8Z"
"The Tropical Island Restaurant","4.8","Asian","3690 Shelbourne St #1, Victoria, BC V8P"
"Vietnam Garden Restaurant","New","Vietnamese","524 Admirals Road , Victoria, BC V9a2n4"
"YUMMY TRUCK","New","Mediterranean","675 Belleville St, Victoria, BC V8V"
"Futaba","New","Japanese","759 Yates St, 1 L4, Victoria, BC V8W 0E2"
"7-Eleven (278 Tecumseh Rd E @ McDougall)","4.5","Wings","278 Tecumseh Rd E @ Mcdougall, Windsor, ON N8X"
"Food Basics (880 Goyeau St)","4.5","Everyday Essentials","880 Goyeau St, Windsor, NAMER N9A 1H7"
"Starbucks (300 Tecumseh Road East)","4.9","American","300 Tecumseh Rd E, Windsor, ON N8X 5E8"
"M&M Food Market (Windsor-Walker)","New","Grocery","4120 Walker Road, Windsor, NAMER N8W3T5"
"Burger King #13322 (300 Tecumseh Road East)","4.3","American","300 Tecumseh Rd E, Windsor, ON N8X"
"Harvey's (Wyandotte Street W.)","4.7","Burgers","2380 Wyandotte Street W., Windsor, ON N9B"
"Wendy's (55 Tecumseh Road West)","4.4","Fast food","55 Tecumseh Road West, Windsor, ON N8X 4Y4"
"Sam's Convenience","New","Snacks","1212 Ouellette Ave, Windsor, ON N8X 1J5"
"PetSmart (South Windsor)","New","Pet supplies","3164 Dougal Ave. Windsor, On N9e 1s6 Ca,"
"Walmart (3120 Dougall Ave, Windsor)","New","Grocery","3120 Dougall Ave, Windsor, Ca, N9e 1s7,"
"Dollarama (1279 University Avenue West)","New","Toys","1279 University Avenue West Windsor, On N9a 5t2 Canada,"
"Metro (3100 Howard Ave)","4.4","Grocery","3100 Howard Ave, Windsor, NAMER N8X 3Y8"
"Cultures (3100 Howard Ave)","New","Mexican","3100 Howard Avenue Windsor, On N8x 3y4,"
"Subway (33 University Ave)","4.3","American","33 University Ave, Windsor, ON N9A 7B4"
"Little Caesars (300 Tecumseh Road East)","4.4","Pizza","300 Tecumseh Road East, Windsor, ON N8X"
"A&W (Dougall Ave)","4.5","Fast food","3090 Dougall Ave, Windsor, ON N9E"
"Leonidas Chocolates Café","New","Cafe","1555 Talbot Rd, LaSalle, ON N9H 2N2"
"LCBO (400 University Avenue West)","4.6","Alcohol","400 University Avenue West, Windsor, NAMER N9A5P8"
"Gyros & More","4.7","Greek","300 Tecumseh Rd E, Windsor, On, Ca N8x 5e8, NAMER N8X"
"Sunset Grill (650 Division Rd., Unit C-2)","4.3","Breakfast and brunch","650 Division Rd. , Unit C-2, Windsor, ON N9E"
"Canadian Tire Gas+ (3920 Dougall Ave)","New","Snacks","3920 Dougall Ave., Windsor, ON N9G 1X2"
"Church's Texas Chicken (2700 Tecumseh Rd W)","4.3","American","2700 Tecumseh Rd W,  Unit 1C, Windsor, ON N9B 3P9"
"Nana's Bakery & Lunch Bar","New","Bakery","2936 Dominion Boulevard, Windsor, NAMER N9E 2M8"
"Arby's (Windsor - Huron Church Rd)","4.5","Burgers","2139 Huron Church Road, Windsor, NAMER N9C 2L8"
"Firehouse Subs (1726 Huron Church Rd)","4.7","Pizza","1726 Huron Church Road Windsor, On N9c Canada,"
"Pita Pit 3065 Howard ave","4.7","Sandwiches","3065 Howard Ave, Windsor, ON N8X"
"KFC (3100 Howard Ave unit FCU1)","New","American","3100 Howard Ave Unit Fcu1, Windsor, ON N8X"
"Taco Bell (300 Tecumseh Rd)","4.4","Burritos","300 Tecumseh Rd, Windsor, ON N8N 3S7"
"Shawarma Shack","4.9","Lebanese","3357 Walker Rd , Unit 1A, Windsor, ON N8W"
"Station Restaurant [Windsor]","4.3","Comfort food","1350 Pelletier St, Windsor, ON N9B 1R8"
"El Mayor","4.5","Mediterranean","650 Division Road,  Unit 406,, Windsor, ON N8X"
"Matter of Taste","4.7","Soup","1159 Lauzon Road Windsor, On N8s 3m9 Canada,"
"Burrito Bueno","New","Breakfast and brunch","6082 Tecumseh Rd E, Unit 1, Windsor, ON N8T 1E3"
"Himchuli Authentic Asian Cuisines","New","Indian","1030 Walker Rd, Windsor, ON N8Y 2N5"
"Bobby Burrito & Taco","4.5","Mexican","3580 Tecumseh Road East, Windsor, ON N8W 0A5"
"Island Cafe (680 Wyandotte Street East)","4.5","Burgers","680 Wyandotte Street East, Windsor, NAMER N9A"
"Stacked Pancake & Breakfast House (Windsor)","New","Breakfast and brunch","2601 Lauzon Parkway Windsor, On N8t 3m4 Canada, 1600,"
"Shawarma Hot Spot","4.3","Middle Eastern","460 Ouellette Ave, Windsor, ON N9A 1B2"
"Honey bee ham co","4.8","American","2885 Lauzon Pkwy, Windsor, NAMER N8T 3H5"
"Shawarma Kingdom (Ouellette Ave.)","4.5","Middle Eastern","460 Ouellette Ave, Windsor, On N9A 1B2"
"Baskin Robbins (Windsor)","4.5","Desserts","3090 Dougall Ave, Windsor, On N9E"
"The Harvest Table Restaurant","4.9","American","2109 Ottawa Street, Windsor, ON N8Y"
"Freshii (1655 Manning Rd)","4.8","Bowls","1655 Manning Rd, Tecumseh, NAMER N8N 2L9"
"The Original Pizza Plus","4.9","Pizza","704 Felix Ave, Windsor, ON N9C 3K8"
"L.A. Town Grill","4.6","Burgers","5975 Malden Rd, Windsor, On N9H 1S7"
"Qdoba  (650 Division Rd)","4.8","Mexican","650 Division Rd, Suite 2a, Windsor, ON N9E"
"Janpath Indian Cuisine","4.2","Indian","1689 University Avenue West, Windsor, NAMER N9B 1C3"
"Etta's Greeklish Eatery","New","Mediterranean","5975 Wyandotte St E, Windsor, ON N8S 1M9"
"The Meal Prep Company","New","Vegan","3850 Dougall Ave #110, Windsor, On N9g 1x2,"
"Tacoz N Treatz (Windsor)","4.6","Mexican","7201 Tecumseh Road East, 8, Windsor, NAMER N8T 3K4"
"University Pizza","New","Pizza","1457 University Avenue West, Windsor, NAMER N9B 1B8"
"Mucho Burrito (3100 Howard Avenue)","New","Mexican","3100 Howard Ave Devonshire Mall , Unit FCU7, Windsor, ON N8X"
"Booster Juice Canada - Zone 1 Test Menu","New","Healthy","32 University Avenue East, Windsor, ON N9A"
"Naija Foodeats","4.5","African","914 Erie St East.  Windsor Ontario N9a 3y8 , ON N9A 3Y8"
"Cinnabon Devonshire Mall","4.9","Bakery","3100 Howard Ave., Windsor, Ontario N8X"
"Cora Breakfast and Lunch (4328 Walker Road)","5.0","Breakfast and brunch","4328 Walker Road, Windsor, ON N8W"
"Pastry Place Bakery","5.0","Desserts","3392 Dougall Ave, Windsor, ON N9E 1S6"
"Nizam Pastry","New","American","460 Erie St E, Windsor, ON N9A 3X4"
"Barbar Bakery and Pizzeria","New","Pizza","397 Wyandotte Street East Windsor, On N9a 3h7 Canada,"
"Sham Sweets","New","Desserts","500 Wyandotte Street East Windsor, On N9a 3h9,"
"Chatham Street Diner","4.6","Breakfast & Brunch","39 Chatham St E, Windsor, ON N9A"
"Hurry Curry (Devonshire Mall)","4.0","Indian","3100 Howard Ave, Windsor, ON N8X 3Y4"
"Cortina Gourmet market","4.3","American","4310 Howard Avenue, Windsor, NAMER N9G 1P4"
"House of Syrian Sweets","New","Breakfast and brunch","2477 Dougall Avenue Sec. 2509 B Windsor, On N8x 1t3 Canada,"
"Mr. Pretzels (Devonshire Mall)","New","American","3100 Howard Ave, Windsor, On N8X"
"Pizzaway","New","Pizza","2430 Dougall Avenue, Windsor, NAMER N8X 1T2"
"Sam Street Food","New","Korean","1030 Walker Road, At The City Market Windso, Windsor, ON N8Y"
"The Patio Lounge - Windsor","New","Bar / Pub Food","507 Ouellette Avenue, Windsor, ON N9A"
"Little Foot Foods","New","European","2010 Fasan Dr, Tecumseh, ON N0R 1L0"
"Rexall Drug Store (5881 Malden Rd)","New","Home & Personal Care","La Salle, ON N9H 1S5"
"Shell (3579 Tecumseh Rd E)","3.5","Everyday Essentials","3579 Tecumseh Rd E, Windsor, Ontario N8W"
"The We Store (Tecumseh)","New","Cannabis","6050 Tecumseh Rd E, Windsor, ON N8T"
"Ace convenience","New","Convenience","1409 Wyandotte St E, Windsor, ON N9A 3L1"
"00941 Petro-Canada (50 Tecumseh Road West)","New","Everyday Essentials","50 Tecumseh Road West, Windsor, ON N8X"
"Bally's Kitchen","4.7","Vietnamese","157 Erie Street East, Windsor, ON N9A"
"NIK’S VARIETY","New","Convenience","1402 Wyandotte St W, Windsor, ON N9B 1H4"
"Windsor Café N Cuisine","New","Breakfast and brunch","2475 Mcdougall Street Windsor, On N8x 3n9 Canada,"
"The Body Shop (3100 Howard Ave)","New","Personal care","3100 Howard Ave, Windsor, NAMER N8X 3Y8"
"Minh Hang Sandwich Shop","4.7","Asian","1311 Ottawa Street, Windsor, ON N8X"
"Sam's Pizzeria & Cantina","New","American","2215 Wyandotte St W, Windsor, On N9B"
"7-Eleven (355 Henderson & Harbison)","4.4","Wings","355 Henderson & Harbison, Winnipeg, MB R2K"
"Al Basha Restaurant & Cafe","New","American","1566 Pembina Highway, Winnipeg, NAMER R3T 2E9"
"Lisbon Bakery","New","Breakfast and brunch","717 Sargent Ave Winnipeg, Mb R3e 0,"
"Dollarama (1114 Main Street)","4.6","Toys","1114 Main Street Winnipeg, Mb R2w 3s2,"
"Subway (247 Kennedy St)","New","American","247 Kennedy St, Winnipeg, MB R3C"
"Starbucks (Broadway)","4.7","Bakery","305 Broadway Avenue, Winnipeg, MB R3C 3J7"
"The Fyxx Espresso Bar","New","Breakfast and brunch","310 Broadway, Winnipeg, NAMER R3C 1L6"
"PetSmart (East Winnipeg)","4.8","Pet supplies","1615 Regent Ave West, Winnipeg, NAMER R2C 5C6"
"McDonald's (City Place)","4.5","Burgers","102-H 333 St. Mary Avenue, Winnipeg, MB R3C"
"A&W (PC Pembina Hwy)","4.4","Fast food","2012 Pembina Highway, Winnipeg, MB R3T 2G8"
"Taco Bell (750 Sherbrook St)","4.1","Burritos","750 Sherbrook St, Winnipeg, MB R3B"
"Kabalen Restaurant & Catering Services","New","Filipino","1485 Inkster Boulevard, Winnipeg, NAMER R2X 1R2"
"Booster Juice (Winnipeg Square)","4.6","Healthy","360 Main Street , Unit #39, Winnipeg, Manitoba R3C 3Z3"
"Burger King (1033 Notre Dame Ave)","4.1","American","1033 Notre Dame Ave, Winnipeg, MB R3E 0N4"
"Quiznos (Kenaston)","4.9","Sandwiches","1639 Kenaston Blvd, Winnipeg, MB R3P 2M4"
"Kenaston Wine Market","4.9","Alcohol","1855a Grant Avenue, Winnipeg, MB R3N"
"The Mighty Kiwi Juice Bar and Eatery","4.8","Juice & Smoothies","709 Corydon Ave, Winnipeg, MB R3M 0W4"
"Mr. Sub (2305 McPhillips Street)","4.8","Sandwich","2305 Mcphillips Street, Winnipeg, MB R2V"
"Verde Juice Bar","New","Juice & Smoothies","887 Westminster Ave, Winnipeg, NAMER R3G"
"fruit de la vie juice co.","New","Juice & Smoothies","1853 Portage Ave., Winnipeg, NAMER R3J 0G8"
"Aroma","New","Asian fusion","#2, 1030 Keewatin Street, Winnipeg, NAMER R2R 2E2"
"Marcello's Market and Deli","New","Comfort food","1 Lombard Place, Winnipeg, MB R3B"
"Goodies Bake Shop","4.6","Bakery","1124 Ellice Ave, Winnipeg, Mb R3G"
"The Farmer's Cuisine","4.3","Indian","#105 1042 Keewatin Street, Winnipeg, MB R2R 2E2"
"AFV Kitchen - Marion","4.7","African","523 Marion St, Winnipeg, MB R2J 0J9"
"Tim Hortons (646 Archibald Street)","4.5","Bakery","646 Archibald Street, Winnipeg, MB R2J"
"Ben & Florentine - Polo Park","4.5","Juice & Smoothies","1440 Ellice Ave, Winnipeg, MB R3G 0G4"
"Dwarf no Cachette Café","4.6","Ramen","157 Provencher Blvd, Winnipeg, MB R2H 0G2"
"A&W (54-333 St. Mary Ave.)","4.6","Sandwich","333 Saint Mary Avenue, Winnipeg, MB R3C 4M7"
"Freshii (2-1194 Taylor Ave)","4.5","Bowls","1194 Taylor Ave, Winnipeg, MB R3M"
"IHOP (455 Sterling Lyon Parkway)","4.6","American","455 Sterling Lyon Parkway, Winnipeg, MB R3P"
"Wendy's (1420 Mc Phillips St.)","4.6","Fast food","1420 Mc Phillips St, Winnipeg, MB R2V 3C5"
"KFC (750 Sherbrook Street)","4.4","American","750 Sherbrook Street, Winnipeg, MB R3B"
"Munch It Pastry Shop","4.4","Bakery","67 Goulet St, Winnipeg, MB R2H 0R5"
"Double D's Cheesecake & Coffee House","4.7","American","200 Meadowood Drive, 18, Winnipeg, MB R2M"
"Prabh 1313 Food Corner & tiffin services","3.6","Indian","763 Selkirk Ave, Winnipeg, MB R2W 2N5"
"RnR Family Restaurant (1615 Regent Ave W)","4.5","Breakfast and brunch","1615 Regent Ave W, Winnipeg, MB R2C 5C6"
"The Pourium","4.9","Alcohol","942 Portage Ave, Winnipeg, MB R3G 0R1"
"Pita Pit (Regent Avenue West)","4.6","Healthy","1615 Regent Ave W, Winnipeg, Mb R2C"
"Thai Express (1225 St Mary's Rd #FC2)","4.6","Thai","1225 St Mary'S Rd #Fc2, Winnipeg, MB R2M"
"Hudson Bagels","4.4","Bagels","79 Sherbrook Street, Winnipeg, NAMER R3C 2B2"
"Calabria Market & Wine Store","4.9","Alcohol","139 Scurfield Boulevard, Winnipeg, MB R3Y 1L6"
"O Station Cafe","4.8","Coffee & tea","257 Osborne St, Winnipeg, MB R3L 1Z6"
"Robin's (250 York Ave)","4.8","Coffee & tea","250 York Ave, Winnipeg, MB R3C 0N7"
"A Taste Of France","New","American","1171 Kildare Avenue East Winnipeg, Mb R2c 5c1,"
"Kalan Restaurant","4.7","South East Asian","1449 Arlington St, Winnipeg, Mb R2x 1t5, Canada, NAMER R2W"
"Denny's Canada (1750 Sargent Ave)","4.4","Breakfast and brunch","1750 Sargent Ave, Winnipeg, MB R3H 0C7"
"OEB Breakfast Co. (Winnipeg)","4.3","Breakfast and brunch","330 Main St, 100, Winnipeg, MB R3C 0Y7"
"Más Coffee","4.7","Coffee & tea","70 Arthur St, 100, Winnipeg, MB R3B 1G7"
"Lucitas Restaurant","4.7","Comfort food","55 Waterford Green Common, Winnipeg, Mb R2r 1w4, Canada, Unit D 2-3, R2R 2X2"
"Cinnaholic 2188 McPhillips - Winnipeg","New","Rolls","2188 Mcphillips Street
#14a, Winnipeg, MB R2V 3C8"
"Oscar's Deli","4.4","Comfort food","175 Hargrave St, Winnipeg, MB R3C 3R8"
"Will's Sargent Food Mart","4.7","Convenience","561 Sargent Avenue, Winnipeg, NAMER R3B 1W4"
"Coffee Culture & Eatery (2864 Pembina Highway #50)","New","Breakfast and brunch","2864 Pembina Hwy, 50, Winnipeg, MB R3T 2J1"
"Cora Breakfast and Lunch (840 Waverley St.)","4.4","Breakfast and brunch","840 Waverley St., Winnipeg, MB R3M"
"Soups, Sandwiches and More","4.2","Sandwiches","428 Graham Avenu, Winnipeg, Manitoba R3C"
"Kay's Delicatessen","New","Coffee & tea","Kay'S Delicatessen, 339 William Ave, Winnipeg, Mb R3A"
"Farmery Estate Brewery","4.8","Alcohol","2 Donald Street, Winnipeg, MB R3L"
"Mama Nors Kitchen","4.5","South East Asian","642 Leila Avenue, Winnipeg, MB R2V 3N7"
"GerSalakot Restaurant","New","Filipino","737 Keewatin St Winnipeg, Mb R2x 3b9 Canada,"
"Four Crowns Restaurant","4.5","Burgers","1030 Mcphillips St, Winnipeg, NAMER R2X 2K7"
"Grill City (Winnipeg)","4.5","South East Asian","2311 Mcphillips St , Unit 307, Winnipeg, MB R2V 3C9"
"Casa Ilocandia","4.4","Filipino","1069 Sargent Ave, Winnipeg, MB R3E 0E6"
"Pita Pit (640 Sterling Lyon Parkway)","New","Sandwiches","640 Sterling Lyon Pkwy, Winnipeg, MB R3P 1J9"
"Jolly Mug Restaurant","New","American","1077 St Mary'S Rd, Winnipeg, NAMER R2M 3T2"
"G.J. Andrews Food & Wine Shoppe","New","Alcohol","384 Academy Road, Winnipeg, MB R3M"
"Second Cup (1225 St. Mary’s Road, Unit 101A)","New","Bakery","1225 St. Mary’s Road , Unit 101A, Winnipeg, MB R2M"
"Knight & Day Pizza (870 Main St)","New","Pizza","870 Main St, Winnipeg, MB R2W 3P1"
"Mar's Sisig - Jefferson","4.7","Breakfast and brunch","1303 Jefferson Ave, Winnipeg, MB R2P 1S7"
"Winaf African Food","New","African","2987a Pembina Highway Winnipeg, Mb R3t 2h5,"
"Mangkok International Cuisine","4.8","South East Asian","1075 Notre Dame Avenue, Winnipeg, NAMER R3E 0N4"
"Gongcha Osborne","4.7","Asian","203-121 Osborne St, Winnipeg, MB R3L"
"AFV Kitchen - Regent","New","African","1555 Regent Avenue West Winnipeg, Mb R2c 4j2 Canada,"
"Jollof Life Restaurant","4.7","African","600 Portage Ave, Winnipeg, MB R3C 3L7"
"Panda Tea (Pembina)","4.5","Bubble tea","30-2844 Pembina Hwy, Winnipeg, MB R3T"
"Atiga Restaurant","4.5","African","329 William Ave, Winnipeg, MB R3A"
"Woodbine Hotel Bar & Vendor","4.9","Alcohol","466 Main St, Winnipeg, MB R3B 1B6"
"VJoy Beverage and Dessert Restaurant","4.8","Bubble tea","1521 Pembina Highway, Winnipeg, MB R3T"
"Panda Tea (McPhillips St)","4.6","Asian","1041 Mcphillips St, Winnipeg, MB R2X 2K6"
"Royal Punjabi restaurant","3.8","Indian","728 Logan Ave, Winnipeg, MB R3E 1M7"
